severity	updateDate	comments	line	author	rule	project	effort	messageFormattings	message	creationDate	type	quickFixAvailable	tags	component	flows	scope	textRange	debt	key	hash	status
MAJOR	2026-06-25T19:40:56+0000		14.0	chat02jselvis@gmail.com	java:S6355	backend-astramaco	5min		Add 'since' and/or 'forRemoval' arguments to the @Deprecated annotation.	2026-06-25T19:26:11+0000	CODE_SMELL	false	"java9 / "	backend-astramaco:src/main/java/com/example/backendastramaco/model/Transportista.java		MAIN	{startLine=14.0, endLine=14.0, startOffset=0.0, endOffset=11.0}	5min	AZ8ATP1zL918jjhl3eMo	b1eaf8cb50dcb99ab0f059111ebf4efa	OPEN
MAJOR	2026-06-25T19:40:56+0000		11.0	chat02jselvis@gmail.com	java:S6355	backend-astramaco	5min		Add 'since' and/or 'forRemoval' arguments to the @Deprecated annotation.	2026-06-25T19:26:11+0000	CODE_SMELL	false	"java9 / "	backend-astramaco:src/main/java/com/example/backendastramaco/model/Usuario.java		MAIN	{startLine=11.0, endLine=11.0, startOffset=0.0, endOffset=11.0}	5min	AZ8ATP16L918jjhl3eMs	b1eaf8cb50dcb99ab0f059111ebf4efa	OPEN
MINOR	2026-06-25T19:40:56+0000		47.0	chat02jselvis@gmail.com	java:S1874	backend-astramaco	15min		"Remove this use of ""Transportista""; it is deprecated."	2026-06-25T11:58:36+0000	CODE_SMELL	false	"cert / cwe / obsolete / "	backend-astramaco:src/main/java/com/example/backendastramaco/controller/TransportistaController.java		MAIN	{startLine=47.0, endLine=47.0, startOffset=26.0, endOffset=39.0}	15min	AZ8ATP04L918jjhl3eMR	7ab341ef249a9f740ef1e21a63aca6f9	OPEN
MINOR	2026-06-25T19:40:56+0000		48.0	chat02jselvis@gmail.com	java:S1874	backend-astramaco	15min		"Remove this use of ""Transportista""; it is deprecated."	2026-06-25T11:58:36+0000	CODE_SMELL	false	"cert / cwe / obsolete / "	backend-astramaco:src/main/java/com/example/backendastramaco/controller/TransportistaController.java		MAIN	{startLine=48.0, endLine=48.0, startOffset=8.0, endOffset=21.0}	15min	AZ8ATP04L918jjhl3eMS	0f791d0149eda4e46c143efa3fca93cc	OPEN
MINOR	2026-06-25T19:40:56+0000		57.0	chat02jselvis@gmail.com	java:S1874	backend-astramaco	15min		"Remove this use of ""Transportista""; it is deprecated."	2026-06-25T11:58:36+0000	CODE_SMELL	false	"cert / cwe / obsolete / "	backend-astramaco:src/main/java/com/example/backendastramaco/controller/TransportistaController.java		MAIN	{startLine=57.0, endLine=57.0, startOffset=31.0, endOffset=44.0}	15min	AZ8ATP04L918jjhl3eMT	a6b353415ba0d34268cbdffa00483fd9	OPEN
MINOR	2026-06-25T19:40:56+0000		61.0	chat02jselvis@gmail.com	java:S1874	backend-astramaco	15min		"Remove this use of ""Transportista""; it is deprecated."	2026-06-25T11:58:36+0000	CODE_SMELL	false	"cert / cwe / obsolete / "	backend-astramaco:src/main/java/com/example/backendastramaco/controller/TransportistaController.java		MAIN	{startLine=61.0, endLine=61.0, startOffset=13.0, endOffset=26.0}	15min	AZ8ATP04L918jjhl3eMU	c10ad5f54bbc46fa380f1a229017ae1b	OPEN
MINOR	2026-06-25T19:40:56+0000		67.0	chat02jselvis@gmail.com	java:S1874	backend-astramaco	15min		"Remove this use of ""Transportista""; it is deprecated."	2026-06-25T11:58:36+0000	CODE_SMELL	false	"cert / cwe / obsolete / "	backend-astramaco:src/main/java/com/example/backendastramaco/controller/TransportistaController.java		MAIN	{startLine=67.0, endLine=67.0, startOffset=31.0, endOffset=44.0}	15min	AZ8ATP04L918jjhl3eMV	101c6bb8880151c20df4f3c5d9c25f4b	OPEN
MINOR	2026-06-25T19:40:56+0000		68.0	chat02jselvis@gmail.com	java:S1874	backend-astramaco	15min		"Remove this use of ""Transportista""; it is deprecated."	2026-06-25T11:58:36+0000	CODE_SMELL	false	"cert / cwe / obsolete / "	backend-astramaco:src/main/java/com/example/backendastramaco/controller/TransportistaController.java		MAIN	{startLine=68.0, endLine=68.0, startOffset=13.0, endOffset=26.0}	15min	AZ8ATP04L918jjhl3eMW	fc138d5d2f11953536eff81b0b8efb78	OPEN
MINOR	2026-06-25T19:40:56+0000		74.0	chat02jselvis@gmail.com	java:S1874	backend-astramaco	15min		"Remove this use of ""Transportista""; it is deprecated."	2026-06-25T11:58:36+0000	CODE_SMELL	false	"cert / cwe / obsolete / "	backend-astramaco:src/main/java/com/example/backendastramaco/controller/TransportistaController.java		MAIN	{startLine=74.0, endLine=74.0, startOffset=31.0, endOffset=44.0}	15min	AZ8ATP04L918jjhl3eMX	a0e67973675df563cfa1f00dff862673	OPEN
MINOR	2026-06-25T19:40:56+0000		75.0	chat02jselvis@gmail.com	java:S1874	backend-astramaco	15min		"Remove this use of ""Transportista""; it is deprecated."	2026-06-25T11:58:36+0000	CODE_SMELL	false	"cert / cwe / obsolete / "	backend-astramaco:src/main/java/com/example/backendastramaco/controller/TransportistaController.java		MAIN	{startLine=75.0, endLine=75.0, startOffset=13.0, endOffset=26.0}	15min	AZ8ATP04L918jjhl3eMY	f971bb528c040bd8b6d22a323fce4884	OPEN
MINOR	2026-06-25T19:40:56+0000		85.0	chat02jselvis@gmail.com	java:S1874	backend-astramaco	15min		"Remove this use of ""Transportista""; it is deprecated."	2026-06-25T11:58:36+0000	CODE_SMELL	false	"cert / cwe / obsolete / "	backend-astramaco:src/main/java/com/example/backendastramaco/controller/TransportistaController.java		MAIN	{startLine=85.0, endLine=85.0, startOffset=26.0, endOffset=39.0}	15min	AZ8ATP04L918jjhl3eMZ	51d70a863574547d395d13b6d3a466df	OPEN
MINOR	2026-06-25T19:40:56+0000		86.0	chat02jselvis@gmail.com	java:S1874	backend-astramaco	15min		"Remove this use of ""Transportista""; it is deprecated."	2026-06-25T11:58:36+0000	CODE_SMELL	false	"cert / cwe / obsolete / "	backend-astramaco:src/main/java/com/example/backendastramaco/controller/TransportistaController.java		MAIN	{startLine=86.0, endLine=86.0, startOffset=8.0, endOffset=21.0}	15min	AZ8ATP04L918jjhl3eMa	4e4d9b7ce3f6e088210f062cd1bd4049	OPEN
MINOR	2026-06-25T19:40:56+0000		96.0	chat02jselvis@gmail.com	java:S1874	backend-astramaco	15min		"Remove this use of ""Transportista""; it is deprecated."	2026-06-25T11:58:36+0000	CODE_SMELL	false	"cert / cwe / obsolete / "	backend-astramaco:src/main/java/com/example/backendastramaco/controller/TransportistaController.java		MAIN	{startLine=96.0, endLine=96.0, startOffset=26.0, endOffset=39.0}	15min	AZ8ATP04L918jjhl3eMb	1398b1b92eab9a69b7c89d79a0057c01	OPEN
MINOR	2026-06-25T19:40:56+0000		97.0	chat02jselvis@gmail.com	java:S1874	backend-astramaco	15min		"Remove this use of ""Transportista""; it is deprecated."	2026-06-25T11:58:36+0000	CODE_SMELL	false	"cert / cwe / obsolete / "	backend-astramaco:src/main/java/com/example/backendastramaco/controller/TransportistaController.java		MAIN	{startLine=97.0, endLine=97.0, startOffset=8.0, endOffset=21.0}	15min	AZ8ATP04L918jjhl3eMc	13600653eacfce637acce8ded6592ada	OPEN
MINOR	2026-06-25T19:40:56+0000		103.0	chat02jselvis@gmail.com	java:S1874	backend-astramaco	15min		"Remove this use of ""Transportista""; it is deprecated."	2026-06-25T11:58:36+0000	CODE_SMELL	false	"cert / cwe / obsolete / "	backend-astramaco:src/main/java/com/example/backendastramaco/controller/TransportistaController.java		MAIN	{startLine=103.0, endLine=103.0, startOffset=26.0, endOffset=39.0}	15min	AZ8ATP04L918jjhl3eMd	a197755ba477bcc4206fba380985b5c0	OPEN
MINOR	2026-06-25T19:40:56+0000		104.0	chat02jselvis@gmail.com	java:S1874	backend-astramaco	15min		"Remove this use of ""Transportista""; it is deprecated."	2026-06-25T11:58:36+0000	CODE_SMELL	false	"cert / cwe / obsolete / "	backend-astramaco:src/main/java/com/example/backendastramaco/controller/TransportistaController.java		MAIN	{startLine=104.0, endLine=104.0, startOffset=8.0, endOffset=21.0}	15min	AZ8ATP05L918jjhl3eMe	3840d5ecb88c9d0e66a9a63f1f3a1aa6	OPEN
MINOR	2026-06-25T19:40:56+0000		110.0	chat02jselvis@gmail.com	java:S1874	backend-astramaco	15min		"Remove this use of ""Transportista""; it is deprecated."	2026-06-25T11:58:36+0000	CODE_SMELL	false	"cert / cwe / obsolete / "	backend-astramaco:src/main/java/com/example/backendastramaco/controller/TransportistaController.java		MAIN	{startLine=110.0, endLine=110.0, startOffset=31.0, endOffset=44.0}	15min	AZ8ATP05L918jjhl3eMf	7ef916b0d33ef8ed40eac98b3c12bd90	OPEN
MINOR	2026-06-25T19:40:56+0000		111.0	chat02jselvis@gmail.com	java:S1874	backend-astramaco	15min		"Remove this use of ""Transportista""; it is deprecated."	2026-06-25T11:58:36+0000	CODE_SMELL	false	"cert / cwe / obsolete / "	backend-astramaco:src/main/java/com/example/backendastramaco/controller/TransportistaController.java		MAIN	{startLine=111.0, endLine=111.0, startOffset=13.0, endOffset=26.0}	15min	AZ8ATP05L918jjhl3eMg	d21e3d6cf9d4b70cfeca286817e3427f	OPEN
MINOR	2026-06-25T19:40:56+0000		129.0	chat02jselvis@gmail.com	java:S1874	backend-astramaco	15min		"Remove this use of ""Transportista""; it is deprecated."	2026-06-25T11:58:36+0000	CODE_SMELL	false	"cert / cwe / obsolete / "	backend-astramaco:src/main/java/com/example/backendastramaco/controller/TransportistaController.java		MAIN	{startLine=129.0, endLine=129.0, startOffset=26.0, endOffset=39.0}	15min	AZ8ATP05L918jjhl3eMh	db04b87411329382e62d11fd97560baf	OPEN
MINOR	2026-06-25T19:40:56+0000		136.0	chat02jselvis@gmail.com	java:S1874	backend-astramaco	15min		"Remove this use of ""Transportista""; it is deprecated."	2026-06-25T11:58:36+0000	CODE_SMELL	false	"cert / cwe / obsolete / "	backend-astramaco:src/main/java/com/example/backendastramaco/controller/TransportistaController.java		MAIN	{startLine=136.0, endLine=136.0, startOffset=8.0, endOffset=21.0}	15min	AZ8ATP05L918jjhl3eMj	b385d753904bdd302fc9fe1a277f003f	OPEN
MINOR	2026-06-25T19:40:56+0000		149.0	chat02jselvis@gmail.com	java:S1874	backend-astramaco	15min		"Remove this use of ""Transportista""; it is deprecated."	2026-06-25T11:58:36+0000	CODE_SMELL	false	"cert / cwe / obsolete / "	backend-astramaco:src/main/java/com/example/backendastramaco/controller/TransportistaController.java		MAIN	{startLine=149.0, endLine=149.0, startOffset=26.0, endOffset=39.0}	15min	AZ8ATP05L918jjhl3eMk	289a331cb550a47d956180e07b086e36	OPEN
MINOR	2026-06-25T19:40:56+0000		152.0	chat02jselvis@gmail.com	java:S1874	backend-astramaco	15min		"Remove this use of ""Transportista""; it is deprecated."	2026-06-25T11:58:36+0000	CODE_SMELL	false	"cert / cwe / obsolete / "	backend-astramaco:src/main/java/com/example/backendastramaco/controller/TransportistaController.java		MAIN	{startLine=152.0, endLine=152.0, startOffset=8.0, endOffset=21.0}	15min	AZ8ATP05L918jjhl3eMl	22b1f6ac9f26443c456feef25434e554	OPEN
MINOR	2026-06-25T19:40:56+0000		35.0	chat02jselvis@gmail.com	java:S1874	backend-astramaco	15min		"Remove this use of ""Usuario""; it is deprecated."	2026-06-25T11:58:36+0000	CODE_SMELL	false	"cert / cwe / obsolete / "	backend-astramaco:src/main/java/com/example/backendastramaco/controller/UsuarioController.java		MAIN	{startLine=35.0, endLine=35.0, startOffset=26.0, endOffset=33.0}	15min	AZ8ATP0rL918jjhl3eMD	1f61c2e03a206ba78c2a974748faead1	OPEN
MINOR	2026-06-25T19:40:56+0000		36.0	chat02jselvis@gmail.com	java:S1874	backend-astramaco	15min		"Remove this use of ""Usuario""; it is deprecated."	2026-06-25T11:58:36+0000	CODE_SMELL	false	"cert / cwe / obsolete / "	backend-astramaco:src/main/java/com/example/backendastramaco/controller/UsuarioController.java		MAIN	{startLine=36.0, endLine=36.0, startOffset=8.0, endOffset=15.0}	15min	AZ8ATP0rL918jjhl3eME	96a9bbb294fcf3c076b82cf0a5ee3f17	OPEN
MINOR	2026-06-25T19:40:56+0000		42.0	chat02jselvis@gmail.com	java:S1874	backend-astramaco	15min		"Remove this use of ""Usuario""; it is deprecated."	2026-06-25T11:58:36+0000	CODE_SMELL	false	"cert / cwe / obsolete / "	backend-astramaco:src/main/java/com/example/backendastramaco/controller/UsuarioController.java		MAIN	{startLine=42.0, endLine=42.0, startOffset=31.0, endOffset=38.0}	15min	AZ8ATP0rL918jjhl3eMF	a7758ac7286db9dc8aeb352c973277b6	OPEN
MINOR	2026-06-25T19:40:56+0000		46.0	chat02jselvis@gmail.com	java:S1874	backend-astramaco	15min		"Remove this use of ""Usuario""; it is deprecated."	2026-06-25T11:58:36+0000	CODE_SMELL	false	"cert / cwe / obsolete / "	backend-astramaco:src/main/java/com/example/backendastramaco/controller/UsuarioController.java		MAIN	{startLine=46.0, endLine=46.0, startOffset=13.0, endOffset=20.0}	15min	AZ8ATP0rL918jjhl3eMG	75f46b05afc2dec05a8e1032fc57a721	OPEN
MINOR	2026-06-25T19:40:56+0000		52.0	chat02jselvis@gmail.com	java:S1874	backend-astramaco	15min		"Remove this use of ""Usuario""; it is deprecated."	2026-06-25T11:58:36+0000	CODE_SMELL	false	"cert / cwe / obsolete / "	backend-astramaco:src/main/java/com/example/backendastramaco/controller/UsuarioController.java		MAIN	{startLine=52.0, endLine=52.0, startOffset=31.0, endOffset=38.0}	15min	AZ8ATP0rL918jjhl3eMH	1f7d0b4ecb6c1d4ea89d798bb2c18296	OPEN
MINOR	2026-06-25T19:40:56+0000		54.0	chat02jselvis@gmail.com	java:S1874	backend-astramaco	15min		"Remove this use of ""Usuario""; it is deprecated."	2026-06-25T11:58:36+0000	CODE_SMELL	false	"cert / cwe / obsolete / "	backend-astramaco:src/main/java/com/example/backendastramaco/controller/UsuarioController.java		MAIN	{startLine=54.0, endLine=54.0, startOffset=13.0, endOffset=20.0}	15min	AZ8ATP0rL918jjhl3eMI	cb618cbad0beafee7a99a7b20e67bf85	OPEN
MINOR	2026-06-25T19:40:56+0000		60.0	chat02jselvis@gmail.com	java:S1874	backend-astramaco	15min		"Remove this use of ""Usuario""; it is deprecated."	2026-06-25T11:58:36+0000	CODE_SMELL	false	"cert / cwe / obsolete / "	backend-astramaco:src/main/java/com/example/backendastramaco/controller/UsuarioController.java		MAIN	{startLine=60.0, endLine=60.0, startOffset=31.0, endOffset=38.0}	15min	AZ8ATP0rL918jjhl3eMJ	17d80d893d76c878649cdde7dddb4f66	OPEN
MINOR	2026-06-25T19:40:56+0000		62.0	chat02jselvis@gmail.com	java:S1874	backend-astramaco	15min		"Remove this use of ""Usuario""; it is deprecated."	2026-06-25T11:58:36+0000	CODE_SMELL	false	"cert / cwe / obsolete / "	backend-astramaco:src/main/java/com/example/backendastramaco/controller/UsuarioController.java		MAIN	{startLine=62.0, endLine=62.0, startOffset=13.0, endOffset=20.0}	15min	AZ8ATP0rL918jjhl3eMK	ce8cdfad92520493936643f6fa26d495	OPEN
MINOR	2026-06-25T19:40:56+0000		72.0	chat02jselvis@gmail.com	java:S1874	backend-astramaco	15min		"Remove this use of ""Usuario""; it is deprecated."	2026-06-25T11:58:36+0000	CODE_SMELL	false	"cert / cwe / obsolete / "	backend-astramaco:src/main/java/com/example/backendastramaco/controller/UsuarioController.java		MAIN	{startLine=72.0, endLine=72.0, startOffset=26.0, endOffset=33.0}	15min	AZ8ATP0rL918jjhl3eML	83a7f8a4a9ff9d2c9eea5c9afbecbf17	OPEN
MINOR	2026-06-25T19:40:56+0000		73.0	chat02jselvis@gmail.com	java:S1874	backend-astramaco	15min		"Remove this use of ""Usuario""; it is deprecated."	2026-06-25T11:58:36+0000	CODE_SMELL	false	"cert / cwe / obsolete / "	backend-astramaco:src/main/java/com/example/backendastramaco/controller/UsuarioController.java		MAIN	{startLine=73.0, endLine=73.0, startOffset=8.0, endOffset=15.0}	15min	AZ8ATP0rL918jjhl3eMM	8cd946b034178b9201e2f1ad5905ed60	OPEN
MINOR	2026-06-25T19:40:56+0000		83.0	chat02jselvis@gmail.com	java:S1874	backend-astramaco	15min		"Remove this use of ""Usuario""; it is deprecated."	2026-06-25T11:58:36+0000	CODE_SMELL	false	"cert / cwe / obsolete / "	backend-astramaco:src/main/java/com/example/backendastramaco/controller/UsuarioController.java		MAIN	{startLine=83.0, endLine=83.0, startOffset=26.0, endOffset=33.0}	15min	AZ8ATP0rL918jjhl3eMN	c3757f1e8f4945067a0ff334dc02c826	OPEN
MINOR	2026-06-25T19:40:56+0000		84.0	chat02jselvis@gmail.com	java:S1874	backend-astramaco	15min		"Remove this use of ""Usuario""; it is deprecated."	2026-06-25T11:58:36+0000	CODE_SMELL	false	"cert / cwe / obsolete / "	backend-astramaco:src/main/java/com/example/backendastramaco/controller/UsuarioController.java		MAIN	{startLine=84.0, endLine=84.0, startOffset=8.0, endOffset=15.0}	15min	AZ8ATP0rL918jjhl3eMO	0fdfeb5612e68a824fb7bb6dd2d917e2	OPEN
MINOR	2026-06-25T19:40:56+0000		95.0	chat02jselvis@gmail.com	java:S1874	backend-astramaco	15min		"Remove this use of ""Usuario""; it is deprecated."	2026-06-25T11:58:36+0000	CODE_SMELL	false	"cert / cwe / obsolete / "	backend-astramaco:src/main/java/com/example/backendastramaco/controller/UsuarioController.java		MAIN	{startLine=95.0, endLine=95.0, startOffset=26.0, endOffset=33.0}	15min	AZ8ATP0rL918jjhl3eMP	a1fd226705fbc2141778a913e2e1d753	OPEN
MINOR	2026-06-25T19:40:56+0000		98.0	chat02jselvis@gmail.com	java:S1874	backend-astramaco	15min		"Remove this use of ""Usuario""; it is deprecated."	2026-06-25T11:58:36+0000	CODE_SMELL	false	"cert / cwe / obsolete / "	backend-astramaco:src/main/java/com/example/backendastramaco/controller/UsuarioController.java		MAIN	{startLine=98.0, endLine=98.0, startOffset=8.0, endOffset=15.0}	15min	AZ8ATP0rL918jjhl3eMQ	62d50b715d3d55d3879532e9c82f742d	OPEN
MINOR	2026-06-25T19:40:56+0000		19.0	chat02jselvis@gmail.com	java:S1874	backend-astramaco	15min		"Remove this use of ""Transportista""; it is deprecated."	2026-06-25T11:58:36+0000	CODE_SMELL	false	"cert / cwe / obsolete / "	backend-astramaco:src/main/java/com/example/backendastramaco/repository/TransportistaRepository.java		MAIN	{startLine=19.0, endLine=19.0, startOffset=13.0, endOffset=26.0}	15min	AZ8ATP4WL918jjhl3ePT	655293c73613b336c97faa3cb06f6ccd	OPEN
MINOR	2026-06-25T19:40:56+0000		21.0	chat02jselvis@gmail.com	java:S1874	backend-astramaco	15min		"Remove this use of ""Transportista""; it is deprecated."	2026-06-25T11:58:36+0000	CODE_SMELL	false	"cert / cwe / obsolete / "	backend-astramaco:src/main/java/com/example/backendastramaco/repository/TransportistaRepository.java		MAIN	{startLine=21.0, endLine=21.0, startOffset=13.0, endOffset=26.0}	15min	AZ8ATP4WL918jjhl3ePW	607eacfdb50467868a9c5b7f7d438236	OPEN
MINOR	2026-06-25T19:40:56+0000		26.0	chat02jselvis@gmail.com	java:S1874	backend-astramaco	15min		"Remove this use of ""Usuario""; it is deprecated."	2026-06-25T11:58:36+0000	CODE_SMELL	false	"cert / cwe / obsolete / "	backend-astramaco:src/main/java/com/example/backendastramaco/repository/TransportistaRepository.java		MAIN	{startLine=26.0, endLine=26.0, startOffset=28.0, endOffset=35.0}	15min	AZ8ATP4WL918jjhl3ePX	dfca0babb977d400b8f458c1eabebce5	OPEN
MINOR	2026-06-25T19:40:56+0000		29.0	chat02jselvis@gmail.com	java:S1874	backend-astramaco	15min		"Remove this use of ""Transportista""; it is deprecated."	2026-06-25T11:58:36+0000	CODE_SMELL	false	"cert / cwe / obsolete / "	backend-astramaco:src/main/java/com/example/backendastramaco/repository/TransportistaRepository.java		MAIN	{startLine=29.0, endLine=29.0, startOffset=9.0, endOffset=22.0}	15min	AZ8ATP4WL918jjhl3ePY	7919c084273743a35246c304afd98ccc	OPEN
MINOR	2026-06-25T19:40:56+0000		30.0	chat02jselvis@gmail.com	java:S1874	backend-astramaco	15min		"Remove this use of ""Transportista""; it is deprecated."	2026-06-25T11:58:36+0000	CODE_SMELL	false	"cert / cwe / obsolete / "	backend-astramaco:src/main/java/com/example/backendastramaco/repository/TransportistaRepository.java		MAIN	{startLine=30.0, endLine=30.0, startOffset=9.0, endOffset=22.0}	15min	AZ8ATP4WL918jjhl3ePZ	3ad08188405ac8447b03e76dfc149e48	OPEN
MINOR	2026-06-25T19:40:56+0000		33.0	chat02jselvis@gmail.com	java:S1874	backend-astramaco	15min		"Remove this use of ""Transportista""; it is deprecated."	2026-06-25T11:58:36+0000	CODE_SMELL	false	"cert / cwe / obsolete / "	backend-astramaco:src/main/java/com/example/backendastramaco/repository/TransportistaRepository.java		MAIN	{startLine=33.0, endLine=33.0, startOffset=9.0, endOffset=22.0}	15min	AZ8ATP4WL918jjhl3ePa	abc67b8d8ec1bbdb2a22d7a3fc6ddf2b	OPEN
MINOR	2026-06-25T19:40:56+0000		34.0	chat02jselvis@gmail.com	java:S1874	backend-astramaco	15min		"Remove this use of ""Transportista""; it is deprecated."	2026-06-25T11:58:36+0000	CODE_SMELL	false	"cert / cwe / obsolete / "	backend-astramaco:src/main/java/com/example/backendastramaco/repository/TransportistaRepository.java		MAIN	{startLine=34.0, endLine=34.0, startOffset=9.0, endOffset=22.0}	15min	AZ8ATP4WL918jjhl3ePb	a298e533198fdda41138439ed7db2815	OPEN
MINOR	2026-06-25T19:40:56+0000		35.0	chat02jselvis@gmail.com	java:S1874	backend-astramaco	15min		"Remove this use of ""Transportista""; it is deprecated."	2026-06-25T11:58:36+0000	CODE_SMELL	false	"cert / cwe / obsolete / "	backend-astramaco:src/main/java/com/example/backendastramaco/repository/TransportistaRepository.java		MAIN	{startLine=35.0, endLine=35.0, startOffset=9.0, endOffset=22.0}	15min	AZ8ATP4WL918jjhl3ePc	d0f412c3f5c44ee2832d58c432b7fb2c	OPEN
MINOR	2026-06-25T19:40:56+0000		38.0	chat02jselvis@gmail.com	java:S1874	backend-astramaco	15min		"Remove this use of ""Transportista""; it is deprecated."	2026-06-25T11:58:36+0000	CODE_SMELL	false	"cert / cwe / obsolete / "	backend-astramaco:src/main/java/com/example/backendastramaco/repository/TransportistaRepository.java		MAIN	{startLine=38.0, endLine=38.0, startOffset=9.0, endOffset=22.0}	15min	AZ8ATP4WL918jjhl3ePd	59e53541b1a3e9dc9ba11824836b6cde	OPEN
MINOR	2026-06-25T19:40:56+0000		39.0	chat02jselvis@gmail.com	java:S1874	backend-astramaco	15min		"Remove this use of ""Transportista""; it is deprecated."	2026-06-25T11:58:36+0000	CODE_SMELL	false	"cert / cwe / obsolete / "	backend-astramaco:src/main/java/com/example/backendastramaco/repository/TransportistaRepository.java		MAIN	{startLine=39.0, endLine=39.0, startOffset=13.0, endOffset=26.0}	15min	AZ8ATP4WL918jjhl3ePe	86f1ab595129c2bad7430ac04c1d9c58	OPEN
MINOR	2026-06-25T19:40:56+0000		40.0	chat02jselvis@gmail.com	java:S1874	backend-astramaco	15min		"Remove this use of ""Transportista""; it is deprecated."	2026-06-25T11:58:36+0000	CODE_SMELL	false	"cert / cwe / obsolete / "	backend-astramaco:src/main/java/com/example/backendastramaco/repository/TransportistaRepository.java		MAIN	{startLine=40.0, endLine=40.0, startOffset=13.0, endOffset=26.0}	15min	AZ8ATP4WL918jjhl3ePf	03ba816990935955156ce9390706fcac	OPEN
MINOR	2026-06-25T19:40:56+0000		40.0	chat02jselvis@gmail.com	java:S1874	backend-astramaco	15min		"Remove this use of ""Usuario""; it is deprecated."	2026-06-25T11:58:36+0000	CODE_SMELL	false	"cert / cwe / obsolete / "	backend-astramaco:src/main/java/com/example/backendastramaco/repository/TransportistaRepository.java		MAIN	{startLine=40.0, endLine=40.0, startOffset=60.0, endOffset=67.0}	15min	AZ8ATP4WL918jjhl3ePg	03ba816990935955156ce9390706fcac	OPEN
MINOR	2026-06-25T19:40:56+0000		19.0	chat02jselvis@gmail.com	java:S1874	backend-astramaco	15min		"Remove this use of ""Usuario""; it is deprecated."	2026-06-25T11:58:36+0000	CODE_SMELL	false	"cert / cwe / obsolete / "	backend-astramaco:src/main/java/com/example/backendastramaco/repository/UsuarioRepository.java		MAIN	{startLine=19.0, endLine=19.0, startOffset=9.0, endOffset=16.0}	15min	AZ8ATP4cL918jjhl3ePj	afcbbff6e5edd639d7a5a93d64571750	OPEN
MINOR	2026-06-25T19:40:56+0000		21.0	chat02jselvis@gmail.com	java:S1874	backend-astramaco	15min		"Remove this use of ""Usuario""; it is deprecated."	2026-06-25T11:58:36+0000	CODE_SMELL	false	"cert / cwe / obsolete / "	backend-astramaco:src/main/java/com/example/backendastramaco/repository/UsuarioRepository.java		MAIN	{startLine=21.0, endLine=21.0, startOffset=9.0, endOffset=16.0}	15min	AZ8ATP4cL918jjhl3ePk	d0c72be724314fc01c2068c79dd71151	OPEN
MINOR	2026-06-25T19:40:56+0000		23.0	chat02jselvis@gmail.com	java:S1874	backend-astramaco	15min		"Remove this use of ""Usuario""; it is deprecated."	2026-06-25T11:58:36+0000	CODE_SMELL	false	"cert / cwe / obsolete / "	backend-astramaco:src/main/java/com/example/backendastramaco/repository/UsuarioRepository.java		MAIN	{startLine=23.0, endLine=23.0, startOffset=9.0, endOffset=16.0}	15min	AZ8ATP4cL918jjhl3ePl	562fbc1bc5d70cb02e877350c74b159d	OPEN
MINOR	2026-06-25T19:40:56+0000		25.0	chat02jselvis@gmail.com	java:S1874	backend-astramaco	15min		"Remove this use of ""Usuario""; it is deprecated."	2026-06-25T11:58:36+0000	CODE_SMELL	false	"cert / cwe / obsolete / "	backend-astramaco:src/main/java/com/example/backendastramaco/repository/UsuarioRepository.java		MAIN	{startLine=25.0, endLine=25.0, startOffset=9.0, endOffset=16.0}	15min	AZ8ATP4cL918jjhl3ePm	04da4533158dc5e312bba3a2e1a09775	OPEN
MINOR	2026-06-25T19:40:56+0000		27.0	chat02jselvis@gmail.com	java:S1874	backend-astramaco	15min		"Remove this use of ""Usuario""; it is deprecated."	2026-06-25T11:58:36+0000	CODE_SMELL	false	"cert / cwe / obsolete / "	backend-astramaco:src/main/java/com/example/backendastramaco/repository/UsuarioRepository.java		MAIN	{startLine=27.0, endLine=27.0, startOffset=9.0, endOffset=16.0}	15min	AZ8ATP4cL918jjhl3ePn	3445445b134f55b1cd69e2228ccddd01	OPEN
MAJOR	2026-06-25T19:40:56+0000		80.0	chat02jselvis@gmail.com	java:S1854	backend-astramaco	15min		"Remove this useless assignment to local variable ""transportista""."	2026-06-25T11:58:36+0000	CODE_SMELL	false	"cert / cwe / unused / "	backend-astramaco:src/main/java/com/example/backendastramaco/service/CargaService.java		MAIN	{startLine=80.0, endLine=80.0, startOffset=36.0, endOffset=77.0}	15min	AZ8ATP3zL918jjhl3eOx	6d3c01a3ffc6c6eba2093a32e36bd4e4	OPEN
MINOR	2026-06-25T19:40:56+0000		80.0	chat02jselvis@gmail.com	java:S1874	backend-astramaco	15min		"Remove this use of ""Transportista""; it is deprecated."	2026-06-25T11:58:36+0000	CODE_SMELL	false	"cert / cwe / obsolete / "	backend-astramaco:src/main/java/com/example/backendastramaco/service/CargaService.java		MAIN	{startLine=80.0, endLine=80.0, startOffset=8.0, endOffset=21.0}	15min	AZ8ATP3zL918jjhl3eOy	6d3c01a3ffc6c6eba2093a32e36bd4e4	OPEN
MINOR	2026-06-25T19:40:56+0000		80.0	chat02jselvis@gmail.com	java:S1481	backend-astramaco	5min		"Remove this unused ""transportista"" local variable."	2026-06-25T11:58:36+0000	CODE_SMELL	true	"unused / "	backend-astramaco:src/main/java/com/example/backendastramaco/service/CargaService.java		MAIN	{startLine=80.0, endLine=80.0, startOffset=22.0, endOffset=35.0}	5min	AZ8ATP3zL918jjhl3eOz	6d3c01a3ffc6c6eba2093a32e36bd4e4	OPEN
CRITICAL	2026-06-25T19:40:56+0000		84.0	chat02jselvis@gmail.com	java:S1192	backend-astramaco	4min		Use already-defined constant 'CARGA_NO_REGISTRADA' instead of duplicating its value here.	2026-06-25T11:58:36+0000	CODE_SMELL	false	"design / "	backend-astramaco:src/main/java/com/example/backendastramaco/service/CargaService.java		MAIN	{startLine=84.0, endLine=84.0, startOffset=65.0, endOffset=109.0}	4min	AZ8ATP3zL918jjhl3eOo	d50d137346f39b5a49faa52f7fcb804e	OPEN
MAJOR	2026-06-25T19:40:56+0000		106.0	chat02jselvis@gmail.com	java:S1854	backend-astramaco	15min		"Remove this useless assignment to local variable ""transportista""."	2026-06-25T11:58:36+0000	CODE_SMELL	false	"cert / cwe / unused / "	backend-astramaco:src/main/java/com/example/backendastramaco/service/CargaService.java		MAIN	{startLine=106.0, endLine=106.0, startOffset=36.0, endOffset=77.0}	15min	AZ8ATP3zL918jjhl3eO0	6d3c01a3ffc6c6eba2093a32e36bd4e4	OPEN
MINOR	2026-06-25T19:40:56+0000		106.0	chat02jselvis@gmail.com	java:S1874	backend-astramaco	15min		"Remove this use of ""Transportista""; it is deprecated."	2026-06-25T11:58:36+0000	CODE_SMELL	false	"cert / cwe / obsolete / "	backend-astramaco:src/main/java/com/example/backendastramaco/service/CargaService.java		MAIN	{startLine=106.0, endLine=106.0, startOffset=8.0, endOffset=21.0}	15min	AZ8ATP3zL918jjhl3eO1	6d3c01a3ffc6c6eba2093a32e36bd4e4	OPEN
MINOR	2026-06-25T19:40:56+0000		106.0	chat02jselvis@gmail.com	java:S1481	backend-astramaco	5min		"Remove this unused ""transportista"" local variable."	2026-06-25T11:58:36+0000	CODE_SMELL	true	"unused / "	backend-astramaco:src/main/java/com/example/backendastramaco/service/CargaService.java		MAIN	{startLine=106.0, endLine=106.0, startOffset=22.0, endOffset=35.0}	5min	AZ8ATP3zL918jjhl3eO2	6d3c01a3ffc6c6eba2093a32e36bd4e4	OPEN
CRITICAL	2026-06-25T19:40:56+0000		156.0	chat02jselvis@gmail.com	java:S1192	backend-astramaco	10min		"Define a constant instead of duplicating this literal ""Carga no encontrada con ID: "" 4 times."	2026-06-25T11:58:36+0000	CODE_SMELL	false	"design / "	backend-astramaco:src/main/java/com/example/backendastramaco/service/CargaService.java	"{locations=[{component=backend-astramaco:src/main/java/com/example/backendastramaco/service/CargaService.java, textRange={startLine=156.0, endLine=156.0, startOffset=65.0, endOffset=95.0}, msg=Duplication, msgFormattings=[]}]} / {locations=[{component=backend-astramaco:src/main/java/com/example/backendastramaco/service/CargaService.java, textRange={startLine=192.0, endLine=192.0, startOffset=65.0, endOffset=95.0}, msg=Duplication, msgFormattings=[]}]} / {locations=[{component=backend-astramaco:src/main/java/com/example/backendastramaco/service/CargaService.java, textRange={startLine=219.0, endLine=219.0, startOffset=65.0, endOffset=95.0}, msg=Duplication, msgFormattings=[]}]} / {locations=[{component=backend-astramaco:src/main/java/com/example/backendastramaco/service/CargaService.java, textRange={startLine=250.0, endLine=250.0, startOffset=65.0, endOffset=95.0}, msg=Duplication, msgFormattings=[]}]} / "	MAIN	{startLine=156.0, endLine=156.0, startOffset=65.0, endOffset=95.0}	10min	AZ8ATP3zL918jjhl3eOs	754aca9dcdd58179e01b43e297b3bbff	OPEN
MAJOR	2026-06-25T19:40:56+0000		222.0	chat02jselvis@gmail.com	java:S112	backend-astramaco	20min		Define and throw a dedicated exception instead of using a generic one.	2026-06-25T11:58:36+0000	CODE_SMELL	false	"cert / cwe / error-handling / "	backend-astramaco:src/main/java/com/example/backendastramaco/service/CargaService.java		MAIN	{startLine=222.0, endLine=222.0, startOffset=22.0, endOffset=38.0}	20min	AZ8ATP3zL918jjhl3eOm	03fca22b5ea3e515e64e75e60ba2933e	OPEN
MAJOR	2026-06-25T19:40:56+0000		291.0	chat02jselvis@gmail.com	java:S1172	backend-astramaco	5min		"Remove this unused method parameter ""observacion""."	2026-06-25T11:58:36+0000	CODE_SMELL	true	"cert / unused / "	backend-astramaco:src/main/java/com/example/backendastramaco/service/CargaService.java		MAIN	{startLine=291.0, endLine=291.0, startOffset=68.0, endOffset=79.0}	5min	AZ8ATP30L918jjhl3eO5	565ea6d9efd83b15c601c1093eec4dbb	OPEN
MAJOR	2026-06-25T19:40:56+0000		305.0	chat02jselvis@gmail.com	java:S1141	backend-astramaco	20min		Extract this nested try block into a separate method.	2026-06-25T11:58:36+0000	CODE_SMELL	false	"confusing / error-handling / "	backend-astramaco:src/main/java/com/example/backendastramaco/service/CargaService.java	"{locations=[{component=backend-astramaco:src/main/java/com/example/backendastramaco/service/CargaService.java, textRange={startLine=292.0, endLine=292.0, startOffset=8.0, endOffset=11.0}, msg=Nesting + 1, msgFormattings=[]}]} / "	MAIN	{startLine=305.0, endLine=305.0, startOffset=16.0, endOffset=19.0}	20min	AZ8ATP3zL918jjhl3eOt	80d5b17efc16ace990c07580fc3e85eb	OPEN
CRITICAL	2026-06-25T19:40:56+0000		308.0	chat02jselvis@gmail.com	java:S1192	backend-astramaco	10min		"Define a constant instead of duplicating this literal ""tipoMaterial"" 4 times."	2026-06-25T11:58:36+0000	CODE_SMELL	false	"design / "	backend-astramaco:src/main/java/com/example/backendastramaco/service/CargaService.java	"{locations=[{component=backend-astramaco:src/main/java/com/example/backendastramaco/service/CargaService.java, textRange={startLine=308.0, endLine=308.0, startOffset=31.0, endOffset=45.0}, msg=Duplication, msgFormattings=[]}]} / {locations=[{component=backend-astramaco:src/main/java/com/example/backendastramaco/service/CargaService.java, textRange={startLine=326.0, endLine=326.0, startOffset=31.0, endOffset=45.0}, msg=Duplication, msgFormattings=[]}]} / {locations=[{component=backend-astramaco:src/main/java/com/example/backendastramaco/service/CargaService.java, textRange={startLine=365.0, endLine=365.0, startOffset=27.0, endOffset=41.0}, msg=Duplication, msgFormattings=[]}]} / {locations=[{component=backend-astramaco:src/main/java/com/example/backendastramaco/service/CargaService.java, textRange={startLine=373.0, endLine=373.0, startOffset=27.0, endOffset=41.0}, msg=Duplication, msgFormattings=[]}]} / "	MAIN	{startLine=308.0, endLine=308.0, startOffset=31.0, endOffset=45.0}	10min	AZ8ATP3zL918jjhl3eOp	42856eec0f4d57049847c314cf24d52d	OPEN
CRITICAL	2026-06-25T19:40:56+0000		309.0	chat02jselvis@gmail.com	java:S1192	backend-astramaco	10min		"Define a constant instead of duplicating this literal ""cantidadDisponible"" 4 times."	2026-06-25T11:58:36+0000	CODE_SMELL	false	"design / "	backend-astramaco:src/main/java/com/example/backendastramaco/service/CargaService.java	"{locations=[{component=backend-astramaco:src/main/java/com/example/backendastramaco/service/CargaService.java, textRange={startLine=309.0, endLine=309.0, startOffset=31.0, endOffset=51.0}, msg=Duplication, msgFormattings=[]}]} / {locations=[{component=backend-astramaco:src/main/java/com/example/backendastramaco/service/CargaService.java, textRange={startLine=327.0, endLine=327.0, startOffset=31.0, endOffset=51.0}, msg=Duplication, msgFormattings=[]}]} / {locations=[{component=backend-astramaco:src/main/java/com/example/backendastramaco/service/CargaService.java, textRange={startLine=366.0, endLine=366.0, startOffset=27.0, endOffset=47.0}, msg=Duplication, msgFormattings=[]}]} / {locations=[{component=backend-astramaco:src/main/java/com/example/backendastramaco/service/CargaService.java, textRange={startLine=374.0, endLine=374.0, startOffset=27.0, endOffset=47.0}, msg=Duplication, msgFormattings=[]}]} / "	MAIN	{startLine=309.0, endLine=309.0, startOffset=31.0, endOffset=51.0}	10min	AZ8ATP3zL918jjhl3eOr	a9cb9160b9a798a80978830667770835	OPEN
CRITICAL	2026-06-25T19:40:56+0000		310.0	chat02jselvis@gmail.com	java:S1192	backend-astramaco	10min		"Define a constant instead of duplicating this literal ""createdAt"" 4 times."	2026-06-25T11:58:36+0000	CODE_SMELL	false	"design / "	backend-astramaco:src/main/java/com/example/backendastramaco/service/CargaService.java	"{locations=[{component=backend-astramaco:src/main/java/com/example/backendastramaco/service/CargaService.java, textRange={startLine=310.0, endLine=310.0, startOffset=31.0, endOffset=42.0}, msg=Duplication, msgFormattings=[]}]} / {locations=[{component=backend-astramaco:src/main/java/com/example/backendastramaco/service/CargaService.java, textRange={startLine=328.0, endLine=328.0, startOffset=31.0, endOffset=42.0}, msg=Duplication, msgFormattings=[]}]} / {locations=[{component=backend-astramaco:src/main/java/com/example/backendastramaco/service/CargaService.java, textRange={startLine=367.0, endLine=367.0, startOffset=27.0, endOffset=38.0}, msg=Duplication, msgFormattings=[]}]} / {locations=[{component=backend-astramaco:src/main/java/com/example/backendastramaco/service/CargaService.java, textRange={startLine=375.0, endLine=375.0, startOffset=27.0, endOffset=38.0}, msg=Duplication, msgFormattings=[]}]} / "	MAIN	{startLine=310.0, endLine=310.0, startOffset=31.0, endOffset=42.0}	10min	AZ8ATP3zL918jjhl3eOn	cd018803b1e3cb7a7d1765bee307beba	OPEN
MAJOR	2026-06-25T19:40:56+0000		323.0	chat02jselvis@gmail.com	java:S1141	backend-astramaco	20min		Extract this nested try block into a separate method.	2026-06-25T11:58:36+0000	CODE_SMELL	false	"confusing / error-handling / "	backend-astramaco:src/main/java/com/example/backendastramaco/service/CargaService.java	"{locations=[{component=backend-astramaco:src/main/java/com/example/backendastramaco/service/CargaService.java, textRange={startLine=292.0, endLine=292.0, startOffset=8.0, endOffset=11.0}, msg=Nesting + 1, msgFormattings=[]}]} / "	MAIN	{startLine=323.0, endLine=323.0, startOffset=16.0, endOffset=19.0}	20min	AZ8ATP3zL918jjhl3eOu	80d5b17efc16ace990c07580fc3e85eb	OPEN
MAJOR	2026-06-25T19:40:56+0000		362.0	chat02jselvis@gmail.com	java:S1141	backend-astramaco	20min		Extract this nested try block into a separate method.	2026-06-25T11:58:36+0000	CODE_SMELL	false	"confusing / error-handling / "	backend-astramaco:src/main/java/com/example/backendastramaco/service/CargaService.java	"{locations=[{component=backend-astramaco:src/main/java/com/example/backendastramaco/service/CargaService.java, textRange={startLine=345.0, endLine=345.0, startOffset=8.0, endOffset=11.0}, msg=Nesting + 1, msgFormattings=[]}]} / "	MAIN	{startLine=362.0, endLine=362.0, startOffset=12.0, endOffset=15.0}	20min	AZ8ATP3zL918jjhl3eOv	80d5b17efc16ace990c07580fc3e85eb	OPEN
CRITICAL	2026-06-25T19:40:56+0000		402.0	chat02jselvis@gmail.com	java:S1192	backend-astramaco	8min		"Define a constant instead of duplicating this literal ""unknown"" 3 times."	2026-06-25T11:58:36+0000	CODE_SMELL	false	"design / "	backend-astramaco:src/main/java/com/example/backendastramaco/service/CargaService.java	"{locations=[{component=backend-astramaco:src/main/java/com/example/backendastramaco/service/CargaService.java, textRange={startLine=402.0, endLine=402.0, startOffset=46.0, endOffset=55.0}, msg=Duplication, msgFormattings=[]}]} / {locations=[{component=backend-astramaco:src/main/java/com/example/backendastramaco/service/CargaService.java, textRange={startLine=405.0, endLine=405.0, startOffset=46.0, endOffset=55.0}, msg=Duplication, msgFormattings=[]}]} / {locations=[{component=backend-astramaco:src/main/java/com/example/backendastramaco/service/CargaService.java, textRange={startLine=408.0, endLine=408.0, startOffset=46.0, endOffset=55.0}, msg=Duplication, msgFormattings=[]}]} / "	MAIN	{startLine=402.0, endLine=402.0, startOffset=46.0, endOffset=55.0}	8min	AZ8ATP3zL918jjhl3eOq	104000ffbad61eed6f595e196b930ee2	OPEN
MINOR	2026-06-25T19:40:56+0000		43.0	chat02jselvis@gmail.com	java:S1874	backend-astramaco	15min		"Remove this use of ""Transportista""; it is deprecated."	2026-06-25T11:58:36+0000	CODE_SMELL	false	"cert / cwe / obsolete / "	backend-astramaco:src/main/java/com/example/backendastramaco/service/DocumentoPersonalService.java		MAIN	{startLine=43.0, endLine=43.0, startOffset=8.0, endOffset=21.0}	15min	AZ8ATP4FL918jjhl3ePQ	6f9a12aa2ede4280ac891d06617adc4f	OPEN
CRITICAL	2026-06-25T19:40:56+0000		77.0	chat02jselvis@gmail.com	java:S1192	backend-astramaco	14min		"Define a constant instead of duplicating this literal "" no encontrado"" 6 times."	2026-06-25T11:58:36+0000	CODE_SMELL	false	"design / "	backend-astramaco:src/main/java/com/example/backendastramaco/service/DocumentoPersonalService.java	"{locations=[{component=backend-astramaco:src/main/java/com/example/backendastramaco/service/DocumentoPersonalService.java, textRange={startLine=77.0, endLine=77.0, startOffset=92.0, endOffset=108.0}, msg=Duplication, msgFormattings=[]}]} / {locations=[{component=backend-astramaco:src/main/java/com/example/backendastramaco/service/DocumentoPersonalService.java, textRange={startLine=118.0, endLine=118.0, startOffset=101.0, endOffset=117.0}, msg=Duplication, msgFormattings=[]}]} / {locations=[{component=backend-astramaco:src/main/java/com/example/backendastramaco/service/DocumentoPersonalService.java, textRange={startLine=160.0, endLine=160.0, startOffset=92.0, endOffset=108.0}, msg=Duplication, msgFormattings=[]}]} / {locations=[{component=backend-astramaco:src/main/java/com/example/backendastramaco/service/DocumentoPersonalService.java, textRange={startLine=184.0, endLine=184.0, startOffset=101.0, endOffset=117.0}, msg=Duplication, msgFormattings=[]}]} / {locations=[{component=backend-astramaco:src/main/java/com/example/backendastramaco/service/DocumentoPersonalService.java, textRange={startLine=216.0, endLine=216.0, startOffset=92.0, endOffset=108.0}, msg=Duplication, msgFormattings=[]}]} / {locations=[{component=backend-astramaco:src/main/java/com/example/backendastramaco/service/DocumentoPersonalService.java, textRange={startLine=248.0, endLine=248.0, startOffset=92.0, endOffset=108.0}, msg=Duplication, msgFormattings=[]}]} / "	MAIN	{startLine=77.0, endLine=77.0, startOffset=92.0, endOffset=108.0}	14min	AZ8ATP4FL918jjhl3ePH	5c9233e2572d4b1e172db6c54f35edd4	OPEN
CRITICAL	2026-06-25T19:40:56+0000		77.0	chat02jselvis@gmail.com	java:S1192	backend-astramaco	14min		"Define a constant instead of duplicating this literal ""Documento con ID "" 6 times."	2026-06-25T11:58:36+0000	CODE_SMELL	false	"design / "	backend-astramaco:src/main/java/com/example/backendastramaco/service/DocumentoPersonalService.java	"{locations=[{component=backend-astramaco:src/main/java/com/example/backendastramaco/service/DocumentoPersonalService.java, textRange={startLine=77.0, endLine=77.0, startOffset=65.0, endOffset=84.0}, msg=Duplication, msgFormattings=[]}]} / {locations=[{component=backend-astramaco:src/main/java/com/example/backendastramaco/service/DocumentoPersonalService.java, textRange={startLine=118.0, endLine=118.0, startOffset=65.0, endOffset=84.0}, msg=Duplication, msgFormattings=[]}]} / {locations=[{component=backend-astramaco:src/main/java/com/example/backendastramaco/service/DocumentoPersonalService.java, textRange={startLine=160.0, endLine=160.0, startOffset=65.0, endOffset=84.0}, msg=Duplication, msgFormattings=[]}]} / {locations=[{component=backend-astramaco:src/main/java/com/example/backendastramaco/service/DocumentoPersonalService.java, textRange={startLine=184.0, endLine=184.0, startOffset=65.0, endOffset=84.0}, msg=Duplication, msgFormattings=[]}]} / {locations=[{component=backend-astramaco:src/main/java/com/example/backendastramaco/service/DocumentoPersonalService.java, textRange={startLine=216.0, endLine=216.0, startOffset=65.0, endOffset=84.0}, msg=Duplication, msgFormattings=[]}]} / {locations=[{component=backend-astramaco:src/main/java/com/example/backendastramaco/service/DocumentoPersonalService.java, textRange={startLine=248.0, endLine=248.0, startOffset=65.0, endOffset=84.0}, msg=Duplication, msgFormattings=[]}]} / "	MAIN	{startLine=77.0, endLine=77.0, startOffset=65.0, endOffset=84.0}	14min	AZ8ATP4FL918jjhl3ePJ	5c9233e2572d4b1e172db6c54f35edd4	OPEN
MAJOR	2026-06-25T19:40:56+0000		101.0	chat02jselvis@gmail.com	java:S112	backend-astramaco	20min		Define and throw a dedicated exception instead of using a generic one.	2026-06-25T11:58:36+0000	CODE_SMELL	false	"cert / cwe / error-handling / "	backend-astramaco:src/main/java/com/example/backendastramaco/service/DocumentoPersonalService.java		MAIN	{startLine=101.0, endLine=101.0, startOffset=22.0, endOffset=38.0}	20min	AZ8ATP4FL918jjhl3ePA	a53a905c99c1e6b174b3594ee1095e26	OPEN
MINOR	2026-06-25T19:40:56+0000		173.0	chat02jselvis@gmail.com	java:S5411	backend-astramaco	5min		Use a primitive boolean expression here.	2026-06-25T11:58:36+0000	CODE_SMELL	true	"pitfall / "	backend-astramaco:src/main/java/com/example/backendastramaco/service/DocumentoPersonalService.java		MAIN	{startLine=173.0, endLine=173.0, startOffset=42.0, endOffset=48.0}	5min	AZ8ATP4FL918jjhl3ePP	db042001c39e9f1376a46b181e663211	OPEN
MAJOR	2026-06-25T19:40:56+0000		187.0	chat02jselvis@gmail.com	java:S112	backend-astramaco	20min		Define and throw a dedicated exception instead of using a generic one.	2026-06-25T11:58:36+0000	CODE_SMELL	false	"cert / cwe / error-handling / "	backend-astramaco:src/main/java/com/example/backendastramaco/service/DocumentoPersonalService.java		MAIN	{startLine=187.0, endLine=187.0, startOffset=22.0, endOffset=38.0}	20min	AZ8ATP4FL918jjhl3ePB	c3ee1c01c3079cafd1018a75d4eedadf	OPEN
MAJOR	2026-06-25T19:40:56+0000		219.0	chat02jselvis@gmail.com	java:S112	backend-astramaco	20min		Define and throw a dedicated exception instead of using a generic one.	2026-06-25T11:58:36+0000	CODE_SMELL	false	"cert / cwe / error-handling / "	backend-astramaco:src/main/java/com/example/backendastramaco/service/DocumentoPersonalService.java		MAIN	{startLine=219.0, endLine=219.0, startOffset=22.0, endOffset=38.0}	20min	AZ8ATP4FL918jjhl3ePC	0e6b31ea9d184f5125c82a981f0bd70d	OPEN
MAJOR	2026-06-25T19:40:56+0000		311.0	chat02jselvis@gmail.com	java:S1172	backend-astramaco	5min		"Remove this unused method parameter ""observacion""."	2026-06-25T11:58:36+0000	CODE_SMELL	true	"cert / unused / "	backend-astramaco:src/main/java/com/example/backendastramaco/service/DocumentoPersonalService.java		MAIN	{startLine=311.0, endLine=311.0, startOffset=92.0, endOffset=103.0}	5min	AZ8ATP4FL918jjhl3ePR	ae40b01e8d2ee389f7e15242e21c3d01	OPEN
MAJOR	2026-06-25T19:40:56+0000		328.0	chat02jselvis@gmail.com	java:S1141	backend-astramaco	20min		Extract this nested try block into a separate method.	2026-06-25T11:58:36+0000	CODE_SMELL	false	"confusing / error-handling / "	backend-astramaco:src/main/java/com/example/backendastramaco/service/DocumentoPersonalService.java	"{locations=[{component=backend-astramaco:src/main/java/com/example/backendastramaco/service/DocumentoPersonalService.java, textRange={startLine=312.0, endLine=312.0, startOffset=8.0, endOffset=11.0}, msg=Nesting + 1, msgFormattings=[]}]} / "	MAIN	{startLine=328.0, endLine=328.0, startOffset=16.0, endOffset=19.0}	20min	AZ8ATP4FL918jjhl3ePM	80d5b17efc16ace990c07580fc3e85eb	OPEN
CRITICAL	2026-06-25T19:40:56+0000		331.0	chat02jselvis@gmail.com	java:S1192	backend-astramaco	10min		"Define a constant instead of duplicating this literal ""tipoDocumento"" 4 times."	2026-06-25T11:58:36+0000	CODE_SMELL	false	"design / "	backend-astramaco:src/main/java/com/example/backendastramaco/service/DocumentoPersonalService.java	"{locations=[{component=backend-astramaco:src/main/java/com/example/backendastramaco/service/DocumentoPersonalService.java, textRange={startLine=331.0, endLine=331.0, startOffset=31.0, endOffset=46.0}, msg=Duplication, msgFormattings=[]}]} / {locations=[{component=backend-astramaco:src/main/java/com/example/backendastramaco/service/DocumentoPersonalService.java, textRange={startLine=355.0, endLine=355.0, startOffset=31.0, endOffset=46.0}, msg=Duplication, msgFormattings=[]}]} / {locations=[{component=backend-astramaco:src/main/java/com/example/backendastramaco/service/DocumentoPersonalService.java, textRange={startLine=404.0, endLine=404.0, startOffset=27.0, endOffset=42.0}, msg=Duplication, msgFormattings=[]}]} / {locations=[{component=backend-astramaco:src/main/java/com/example/backendastramaco/service/DocumentoPersonalService.java, textRange={startLine=415.0, endLine=415.0, startOffset=27.0, endOffset=42.0}, msg=Duplication, msgFormattings=[]}]} / "	MAIN	{startLine=331.0, endLine=331.0, startOffset=31.0, endOffset=46.0}	10min	AZ8ATP4FL918jjhl3ePF	95dc6ee3aa88db0eadda969d45c84ad6	OPEN
CRITICAL	2026-06-25T19:40:56+0000		332.0	chat02jselvis@gmail.com	java:S1192	backend-astramaco	10min		"Define a constant instead of duplicating this literal ""valor"" 4 times."	2026-06-25T11:58:36+0000	CODE_SMELL	false	"design / "	backend-astramaco:src/main/java/com/example/backendastramaco/service/DocumentoPersonalService.java	"{locations=[{component=backend-astramaco:src/main/java/com/example/backendastramaco/service/DocumentoPersonalService.java, textRange={startLine=332.0, endLine=332.0, startOffset=31.0, endOffset=38.0}, msg=Duplication, msgFormattings=[]}]} / {locations=[{component=backend-astramaco:src/main/java/com/example/backendastramaco/service/DocumentoPersonalService.java, textRange={startLine=356.0, endLine=356.0, startOffset=31.0, endOffset=38.0}, msg=Duplication, msgFormattings=[]}]} / {locations=[{component=backend-astramaco:src/main/java/com/example/backendastramaco/service/DocumentoPersonalService.java, textRange={startLine=405.0, endLine=405.0, startOffset=27.0, endOffset=34.0}, msg=Duplication, msgFormattings=[]}]} / {locations=[{component=backend-astramaco:src/main/java/com/example/backendastramaco/service/DocumentoPersonalService.java, textRange={startLine=416.0, endLine=416.0, startOffset=27.0, endOffset=34.0}, msg=Duplication, msgFormattings=[]}]} / "	MAIN	{startLine=332.0, endLine=332.0, startOffset=31.0, endOffset=38.0}	10min	AZ8ATP4FL918jjhl3ePL	91f014ba1ee14cb4b490a97cb9df93aa	OPEN
CRITICAL	2026-06-25T19:40:56+0000		333.0	chat02jselvis@gmail.com	java:S1192	backend-astramaco	10min		"Define a constant instead of duplicating this literal ""fechaEmision"" 4 times."	2026-06-25T11:58:36+0000	CODE_SMELL	false	"design / "	backend-astramaco:src/main/java/com/example/backendastramaco/service/DocumentoPersonalService.java	"{locations=[{component=backend-astramaco:src/main/java/com/example/backendastramaco/service/DocumentoPersonalService.java, textRange={startLine=333.0, endLine=333.0, startOffset=31.0, endOffset=45.0}, msg=Duplication, msgFormattings=[]}]} / {locations=[{component=backend-astramaco:src/main/java/com/example/backendastramaco/service/DocumentoPersonalService.java, textRange={startLine=357.0, endLine=357.0, startOffset=31.0, endOffset=45.0}, msg=Duplication, msgFormattings=[]}]} / {locations=[{component=backend-astramaco:src/main/java/com/example/backendastramaco/service/DocumentoPersonalService.java, textRange={startLine=406.0, endLine=406.0, startOffset=27.0, endOffset=41.0}, msg=Duplication, msgFormattings=[]}]} / {locations=[{component=backend-astramaco:src/main/java/com/example/backendastramaco/service/DocumentoPersonalService.java, textRange={startLine=417.0, endLine=417.0, startOffset=27.0, endOffset=41.0}, msg=Duplication, msgFormattings=[]}]} / "	MAIN	{startLine=333.0, endLine=333.0, startOffset=31.0, endOffset=45.0}	10min	AZ8ATP4FL918jjhl3ePE	345130f0dc2e92c220ef2e071eaae2f8	OPEN
CRITICAL	2026-06-25T19:40:56+0000		334.0	chat02jselvis@gmail.com	java:S1192	backend-astramaco	10min		"Define a constant instead of duplicating this literal ""fechaVencimiento"" 4 times."	2026-06-25T11:58:36+0000	CODE_SMELL	false	"design / "	backend-astramaco:src/main/java/com/example/backendastramaco/service/DocumentoPersonalService.java	"{locations=[{component=backend-astramaco:src/main/java/com/example/backendastramaco/service/DocumentoPersonalService.java, textRange={startLine=334.0, endLine=334.0, startOffset=31.0, endOffset=49.0}, msg=Duplication, msgFormattings=[]}]} / {locations=[{component=backend-astramaco:src/main/java/com/example/backendastramaco/service/DocumentoPersonalService.java, textRange={startLine=358.0, endLine=358.0, startOffset=31.0, endOffset=49.0}, msg=Duplication, msgFormattings=[]}]} / {locations=[{component=backend-astramaco:src/main/java/com/example/backendastramaco/service/DocumentoPersonalService.java, textRange={startLine=407.0, endLine=407.0, startOffset=27.0, endOffset=45.0}, msg=Duplication, msgFormattings=[]}]} / {locations=[{component=backend-astramaco:src/main/java/com/example/backendastramaco/service/DocumentoPersonalService.java, textRange={startLine=418.0, endLine=418.0, startOffset=27.0, endOffset=45.0}, msg=Duplication, msgFormattings=[]}]} / "	MAIN	{startLine=334.0, endLine=334.0, startOffset=31.0, endOffset=49.0}	10min	AZ8ATP4FL918jjhl3ePK	2c12c44a5b3f10c6a97ca33283e4bfaf	OPEN
CRITICAL	2026-06-25T19:40:56+0000		335.0	chat02jselvis@gmail.com	java:S1192	backend-astramaco	10min		"Define a constant instead of duplicating this literal ""activo"" 4 times."	2026-06-25T11:58:36+0000	CODE_SMELL	false	"design / "	backend-astramaco:src/main/java/com/example/backendastramaco/service/DocumentoPersonalService.java	"{locations=[{component=backend-astramaco:src/main/java/com/example/backendastramaco/service/DocumentoPersonalService.java, textRange={startLine=335.0, endLine=335.0, startOffset=31.0, endOffset=39.0}, msg=Duplication, msgFormattings=[]}]} / {locations=[{component=backend-astramaco:src/main/java/com/example/backendastramaco/service/DocumentoPersonalService.java, textRange={startLine=359.0, endLine=359.0, startOffset=31.0, endOffset=39.0}, msg=Duplication, msgFormattings=[]}]} / {locations=[{component=backend-astramaco:src/main/java/com/example/backendastramaco/service/DocumentoPersonalService.java, textRange={startLine=408.0, endLine=408.0, startOffset=27.0, endOffset=35.0}, msg=Duplication, msgFormattings=[]}]} / {locations=[{component=backend-astramaco:src/main/java/com/example/backendastramaco/service/DocumentoPersonalService.java, textRange={startLine=419.0, endLine=419.0, startOffset=27.0, endOffset=35.0}, msg=Duplication, msgFormattings=[]}]} / "	MAIN	{startLine=335.0, endLine=335.0, startOffset=31.0, endOffset=39.0}	10min	AZ8ATP4FL918jjhl3ePG	837c9aecc6d71a32be0cc27b739244e6	OPEN
CRITICAL	2026-06-25T19:40:56+0000		336.0	chat02jselvis@gmail.com	java:S1192	backend-astramaco	10min		"Define a constant instead of duplicating this literal ""createdAt"" 4 times."	2026-06-25T11:58:36+0000	CODE_SMELL	false	"design / "	backend-astramaco:src/main/java/com/example/backendastramaco/service/DocumentoPersonalService.java	"{locations=[{component=backend-astramaco:src/main/java/com/example/backendastramaco/service/DocumentoPersonalService.java, textRange={startLine=336.0, endLine=336.0, startOffset=31.0, endOffset=42.0}, msg=Duplication, msgFormattings=[]}]} / {locations=[{component=backend-astramaco:src/main/java/com/example/backendastramaco/service/DocumentoPersonalService.java, textRange={startLine=360.0, endLine=360.0, startOffset=31.0, endOffset=42.0}, msg=Duplication, msgFormattings=[]}]} / {locations=[{component=backend-astramaco:src/main/java/com/example/backendastramaco/service/DocumentoPersonalService.java, textRange={startLine=409.0, endLine=409.0, startOffset=27.0, endOffset=38.0}, msg=Duplication, msgFormattings=[]}]} / {locations=[{component=backend-astramaco:src/main/java/com/example/backendastramaco/service/DocumentoPersonalService.java, textRange={startLine=420.0, endLine=420.0, startOffset=27.0, endOffset=38.0}, msg=Duplication, msgFormattings=[]}]} / "	MAIN	{startLine=336.0, endLine=336.0, startOffset=31.0, endOffset=42.0}	10min	AZ8ATP4FL918jjhl3ePD	cd018803b1e3cb7a7d1765bee307beba	OPEN
MAJOR	2026-06-25T19:40:56+0000		352.0	chat02jselvis@gmail.com	java:S1141	backend-astramaco	20min		Extract this nested try block into a separate method.	2026-06-25T11:58:36+0000	CODE_SMELL	false	"confusing / error-handling / "	backend-astramaco:src/main/java/com/example/backendastramaco/service/DocumentoPersonalService.java	"{locations=[{component=backend-astramaco:src/main/java/com/example/backendastramaco/service/DocumentoPersonalService.java, textRange={startLine=312.0, endLine=312.0, startOffset=8.0, endOffset=11.0}, msg=Nesting + 1, msgFormattings=[]}]} / "	MAIN	{startLine=352.0, endLine=352.0, startOffset=16.0, endOffset=19.0}	20min	AZ8ATP4FL918jjhl3ePN	80d5b17efc16ace990c07580fc3e85eb	OPEN
MAJOR	2026-06-25T19:40:56+0000		401.0	chat02jselvis@gmail.com	java:S1141	backend-astramaco	20min		Extract this nested try block into a separate method.	2026-06-25T11:58:36+0000	CODE_SMELL	false	"confusing / error-handling / "	backend-astramaco:src/main/java/com/example/backendastramaco/service/DocumentoPersonalService.java	"{locations=[{component=backend-astramaco:src/main/java/com/example/backendastramaco/service/DocumentoPersonalService.java, textRange={startLine=378.0, endLine=378.0, startOffset=8.0, endOffset=11.0}, msg=Nesting + 1, msgFormattings=[]}]} / "	MAIN	{startLine=401.0, endLine=401.0, startOffset=12.0, endOffset=15.0}	20min	AZ8ATP4FL918jjhl3ePO	80d5b17efc16ace990c07580fc3e85eb	OPEN
CRITICAL	2026-06-25T19:40:56+0000		447.0	chat02jselvis@gmail.com	java:S1192	backend-astramaco	8min		"Define a constant instead of duplicating this literal ""unknown"" 3 times."	2026-06-25T11:58:36+0000	CODE_SMELL	false	"design / "	backend-astramaco:src/main/java/com/example/backendastramaco/service/DocumentoPersonalService.java	"{locations=[{component=backend-astramaco:src/main/java/com/example/backendastramaco/service/DocumentoPersonalService.java, textRange={startLine=447.0, endLine=447.0, startOffset=46.0, endOffset=55.0}, msg=Duplication, msgFormattings=[]}]} / {locations=[{component=backend-astramaco:src/main/java/com/example/backendastramaco/service/DocumentoPersonalService.java, textRange={startLine=450.0, endLine=450.0, startOffset=46.0, endOffset=55.0}, msg=Duplication, msgFormattings=[]}]} / {locations=[{component=backend-astramaco:src/main/java/com/example/backendastramaco/service/DocumentoPersonalService.java, textRange={startLine=453.0, endLine=453.0, startOffset=46.0, endOffset=55.0}, msg=Duplication, msgFormattings=[]}]} / "	MAIN	{startLine=447.0, endLine=447.0, startOffset=46.0, endOffset=55.0}	8min	AZ8ATP4FL918jjhl3ePI	104000ffbad61eed6f595e196b930ee2	OPEN
CRITICAL	2026-06-25T19:40:56+0000		127.0	chat02jselvis@gmail.com	java:S1192	backend-astramaco	14min		"Define a constant instead of duplicating this literal ""Pedido no encontrado con ID: "" 6 times."	2026-06-25T11:58:36+0000	CODE_SMELL	false	"design / "	backend-astramaco:src/main/java/com/example/backendastramaco/service/PedidoService.java	"{locations=[{component=backend-astramaco:src/main/java/com/example/backendastramaco/service/PedidoService.java, textRange={startLine=127.0, endLine=127.0, startOffset=65.0, endOffset=96.0}, msg=Duplication, msgFormattings=[]}]} / {locations=[{component=backend-astramaco:src/main/java/com/example/backendastramaco/service/PedidoService.java, textRange={startLine=159.0, endLine=159.0, startOffset=65.0, endOffset=96.0}, msg=Duplication, msgFormattings=[]}]} / {locations=[{component=backend-astramaco:src/main/java/com/example/backendastramaco/service/PedidoService.java, textRange={startLine=196.0, endLine=196.0, startOffset=65.0, endOffset=96.0}, msg=Duplication, msgFormattings=[]}]} / {locations=[{component=backend-astramaco:src/main/java/com/example/backendastramaco/service/PedidoService.java, textRange={startLine=224.0, endLine=224.0, startOffset=65.0, endOffset=96.0}, msg=Duplication, msgFormattings=[]}]} / {locations=[{component=backend-astramaco:src/main/java/com/example/backendastramaco/service/PedidoService.java, textRange={startLine=254.0, endLine=254.0, startOffset=65.0, endOffset=96.0}, msg=Duplication, msgFormattings=[]}]} / {locations=[{component=backend-astramaco:src/main/java/com/example/backendastramaco/service/PedidoService.java, textRange={startLine=284.0, endLine=284.0, startOffset=65.0, endOffset=96.0}, msg=Duplication, msgFormattings=[]}]} / "	MAIN	{startLine=127.0, endLine=127.0, startOffset=65.0, endOffset=96.0}	14min	AZ8ATP2_L918jjhl3eM5	063f58ea7837b76191e0f720916c6736	OPEN
MINOR	2026-06-25T19:40:56+0000		161.0	chat02jselvis@gmail.com	java:S1874	backend-astramaco	15min		"Remove this use of ""Transportista""; it is deprecated."	2026-06-25T11:58:36+0000	CODE_SMELL	false	"cert / cwe / obsolete / "	backend-astramaco:src/main/java/com/example/backendastramaco/service/PedidoService.java		MAIN	{startLine=161.0, endLine=161.0, startOffset=8.0, endOffset=21.0}	15min	AZ8ATP2_L918jjhl3eNH	bb266ace89ebd985ca4f334041ea05d2	OPEN
MAJOR	2026-06-25T19:40:56+0000		227.0	chat02jselvis@gmail.com	java:S112	backend-astramaco	20min		Define and throw a dedicated exception instead of using a generic one.	2026-06-25T11:58:36+0000	CODE_SMELL	false	"cert / cwe / error-handling / "	backend-astramaco:src/main/java/com/example/backendastramaco/service/PedidoService.java		MAIN	{startLine=227.0, endLine=227.0, startOffset=22.0, endOffset=38.0}	20min	AZ8ATP2_L918jjhl3eM1	ecef402426008541e42778044ca4fd3e	OPEN
MAJOR	2026-06-25T19:40:56+0000		257.0	chat02jselvis@gmail.com	java:S112	backend-astramaco	20min		Define and throw a dedicated exception instead of using a generic one.	2026-06-25T11:58:36+0000	CODE_SMELL	false	"cert / cwe / error-handling / "	backend-astramaco:src/main/java/com/example/backendastramaco/service/PedidoService.java		MAIN	{startLine=257.0, endLine=257.0, startOffset=22.0, endOffset=38.0}	20min	AZ8ATP2_L918jjhl3eM2	3f0832c290b7b5b4b910a4f0afe4a5b7	OPEN
MINOR	2026-06-25T19:40:56+0000		304.0	chat02jselvis@gmail.com	java:S1874	backend-astramaco	15min		"Remove this use of ""Transportista""; it is deprecated."	2026-06-25T11:58:36+0000	CODE_SMELL	false	"cert / cwe / obsolete / "	backend-astramaco:src/main/java/com/example/backendastramaco/service/PedidoService.java		MAIN	{startLine=304.0, endLine=304.0, startOffset=61.0, endOffset=74.0}	15min	AZ8ATP2_L918jjhl3eNI	71ab93f445ccdc1511afccf0ce089d60	OPEN
MINOR	2026-06-25T19:40:56+0000		310.0	chat02jselvis@gmail.com	java:S1874	backend-astramaco	15min		"Remove this use of ""Transportista""; it is deprecated."	2026-06-25T11:58:36+0000	CODE_SMELL	false	"cert / cwe / obsolete / "	backend-astramaco:src/main/java/com/example/backendastramaco/service/PedidoService.java		MAIN	{startLine=310.0, endLine=310.0, startOffset=66.0, endOffset=79.0}	15min	AZ8ATP2_L918jjhl3eNJ	951502ef3bb3b069e1012261d144196b	OPEN
CRITICAL	2026-06-25T19:40:56+0000		341.0	chat02jselvis@gmail.com	java:S3776	backend-astramaco	9min		Refactor this method to reduce its Cognitive Complexity from 19 to the 15 allowed.	2026-06-25T11:58:36+0000	CODE_SMELL	false	"brain-overload / "	backend-astramaco:src/main/java/com/example/backendastramaco/service/PedidoService.java	"{locations=[{component=backend-astramaco:src/main/java/com/example/backendastramaco/service/PedidoService.java, textRange={startLine=350.0, endLine=350.0, startOffset=12.0, endOffset=14.0}, msg=+1, msgFormattings=[]}]} / {locations=[{component=backend-astramaco:src/main/java/com/example/backendastramaco/service/PedidoService.java, textRange={startLine=354.0, endLine=354.0, startOffset=88.0, endOffset=89.0}, msg=+2 (incl 1 for nesting), msgFormattings=[]}]} / {locations=[{component=backend-astramaco:src/main/java/com/example/backendastramaco/service/PedidoService.java, textRange={startLine=355.0, endLine=355.0, startOffset=76.0, endOffset=77.0}, msg=+2 (incl 1 for nesting), msgFormattings=[]}]} / {locations=[{component=backend-astramaco:src/main/java/com/example/backendastramaco/service/PedidoService.java, textRange={startLine=359.0, endLine=359.0, startOffset=72.0, endOffset=73.0}, msg=+2 (incl 1 for nesting), msgFormattings=[]}]} / {locations=[{component=backend-astramaco:src/main/java/com/example/backendastramaco/service/PedidoService.java, textRange={startLine=377.0, endLine=377.0, startOffset=18.0, endOffset=23.0}, msg=+2 (incl 1 for nesting), msgFormattings=[]}]} / {locations=[{component=backend-astramaco:src/main/java/com/example/backendastramaco/service/PedidoService.java, textRange={startLine=382.0, endLine=382.0, startOffset=12.0, endOffset=14.0}, msg=+1, msgFormattings=[]}]} / {locations=[{component=backend-astramaco:src/main/java/com/example/backendastramaco/service/PedidoService.java, textRange={startLine=386.0, endLine=386.0, startOffset=85.0, endOffset=86.0}, msg=+2 (incl 1 for nesting), msgFormattings=[]}]} / {locations=[{component=backend-astramaco:src/main/java/com/example/backendastramaco/service/PedidoService.java, textRange={startLine=387.0, endLine=387.0, startOffset=73.0, endOffset=74.0}, msg=+2 (incl 1 for nesting), msgFormattings=[]}]} / {locations=[{component=backend-astramaco:src/main/java/com/example/backendastramaco/service/PedidoService.java, textRange={startLine=391.0, endLine=391.0, startOffset=69.0, endOffset=70.0}, msg=+2 (incl 1 for nesting), msgFormattings=[]}]} / {locations=[{component=backend-astramaco:src/main/java/com/example/backendastramaco/service/PedidoService.java, textRange={startLine=409.0, endLine=409.0, startOffset=18.0, endOffset=23.0}, msg=+2 (incl 1 for nesting), msgFormattings=[]}]} / {locations=[{component=backend-astramaco:src/main/java/com/example/backendastramaco/service/PedidoService.java, textRange={startLine=416.0, endLine=416.0, startOffset=10.0, endOffset=15.0}, msg=+1, msgFormattings=[]}]} / "	MAIN	{startLine=341.0, endLine=341.0, startOffset=17.0, endOffset=30.0}	9min	AZ8ATP2_L918jjhl3eNK	1ae522945908f0ec529b8f7d88385756	OPEN
MAJOR	2026-06-25T19:40:56+0000		341.0	chat02jselvis@gmail.com	java:S1172	backend-astramaco	5min		"Remove this unused method parameter ""observacion""."	2026-06-25T11:58:36+0000	CODE_SMELL	true	"cert / unused / "	backend-astramaco:src/main/java/com/example/backendastramaco/service/PedidoService.java		MAIN	{startLine=341.0, endLine=341.0, startOffset=100.0, endOffset=111.0}	5min	AZ8ATP2_L918jjhl3eNL	1ae522945908f0ec529b8f7d88385756	OPEN
MAJOR	2026-06-25T19:40:56+0000		361.0	chat02jselvis@gmail.com	java:S1141	backend-astramaco	20min		Extract this nested try block into a separate method.	2026-06-25T11:58:36+0000	CODE_SMELL	false	"confusing / error-handling / "	backend-astramaco:src/main/java/com/example/backendastramaco/service/PedidoService.java	"{locations=[{component=backend-astramaco:src/main/java/com/example/backendastramaco/service/PedidoService.java, textRange={startLine=342.0, endLine=342.0, startOffset=8.0, endOffset=11.0}, msg=Nesting + 1, msgFormattings=[]}]} / "	MAIN	{startLine=361.0, endLine=361.0, startOffset=16.0, endOffset=19.0}	20min	AZ8ATP2_L918jjhl3eND	80d5b17efc16ace990c07580fc3e85eb	OPEN
CRITICAL	2026-06-25T19:40:56+0000		364.0	chat02jselvis@gmail.com	java:S1192	backend-astramaco	10min		"Define a constant instead of duplicating this literal ""clienteNombre"" 4 times."	2026-06-25T11:58:36+0000	CODE_SMELL	false	"design / "	backend-astramaco:src/main/java/com/example/backendastramaco/service/PedidoService.java	"{locations=[{component=backend-astramaco:src/main/java/com/example/backendastramaco/service/PedidoService.java, textRange={startLine=364.0, endLine=364.0, startOffset=31.0, endOffset=46.0}, msg=Duplication, msgFormattings=[]}]} / {locations=[{component=backend-astramaco:src/main/java/com/example/backendastramaco/service/PedidoService.java, textRange={startLine=396.0, endLine=396.0, startOffset=31.0, endOffset=46.0}, msg=Duplication, msgFormattings=[]}]} / {locations=[{component=backend-astramaco:src/main/java/com/example/backendastramaco/service/PedidoService.java, textRange={startLine=455.0, endLine=455.0, startOffset=27.0, endOffset=42.0}, msg=Duplication, msgFormattings=[]}]} / {locations=[{component=backend-astramaco:src/main/java/com/example/backendastramaco/service/PedidoService.java, textRange={startLine=470.0, endLine=470.0, startOffset=27.0, endOffset=42.0}, msg=Duplication, msgFormattings=[]}]} / "	MAIN	{startLine=364.0, endLine=364.0, startOffset=31.0, endOffset=46.0}	10min	AZ8ATP2_L918jjhl3eNA	09f685e19f2b24e7f76e28668e9dfe4b	OPEN
CRITICAL	2026-06-25T19:40:56+0000		365.0	chat02jselvis@gmail.com	java:S1192	backend-astramaco	10min		"Define a constant instead of duplicating this literal ""clienteTelefono"" 4 times."	2026-06-25T11:58:36+0000	CODE_SMELL	false	"design / "	backend-astramaco:src/main/java/com/example/backendastramaco/service/PedidoService.java	"{locations=[{component=backend-astramaco:src/main/java/com/example/backendastramaco/service/PedidoService.java, textRange={startLine=365.0, endLine=365.0, startOffset=31.0, endOffset=48.0}, msg=Duplication, msgFormattings=[]}]} / {locations=[{component=backend-astramaco:src/main/java/com/example/backendastramaco/service/PedidoService.java, textRange={startLine=397.0, endLine=397.0, startOffset=31.0, endOffset=48.0}, msg=Duplication, msgFormattings=[]}]} / {locations=[{component=backend-astramaco:src/main/java/com/example/backendastramaco/service/PedidoService.java, textRange={startLine=456.0, endLine=456.0, startOffset=27.0, endOffset=44.0}, msg=Duplication, msgFormattings=[]}]} / {locations=[{component=backend-astramaco:src/main/java/com/example/backendastramaco/service/PedidoService.java, textRange={startLine=471.0, endLine=471.0, startOffset=27.0, endOffset=44.0}, msg=Duplication, msgFormattings=[]}]} / "	MAIN	{startLine=365.0, endLine=365.0, startOffset=31.0, endOffset=48.0}	10min	AZ8ATP2_L918jjhl3eM4	f0770f09654a1e7b57725478f17a95d8	OPEN
CRITICAL	2026-06-25T19:40:56+0000		366.0	chat02jselvis@gmail.com	java:S1192	backend-astramaco	10min		"Define a constant instead of duplicating this literal ""direccionEnvio"" 4 times."	2026-06-25T11:58:36+0000	CODE_SMELL	false	"design / "	backend-astramaco:src/main/java/com/example/backendastramaco/service/PedidoService.java	"{locations=[{component=backend-astramaco:src/main/java/com/example/backendastramaco/service/PedidoService.java, textRange={startLine=366.0, endLine=366.0, startOffset=31.0, endOffset=47.0}, msg=Duplication, msgFormattings=[]}]} / {locations=[{component=backend-astramaco:src/main/java/com/example/backendastramaco/service/PedidoService.java, textRange={startLine=398.0, endLine=398.0, startOffset=31.0, endOffset=47.0}, msg=Duplication, msgFormattings=[]}]} / {locations=[{component=backend-astramaco:src/main/java/com/example/backendastramaco/service/PedidoService.java, textRange={startLine=457.0, endLine=457.0, startOffset=27.0, endOffset=43.0}, msg=Duplication, msgFormattings=[]}]} / {locations=[{component=backend-astramaco:src/main/java/com/example/backendastramaco/service/PedidoService.java, textRange={startLine=472.0, endLine=472.0, startOffset=27.0, endOffset=43.0}, msg=Duplication, msgFormattings=[]}]} / "	MAIN	{startLine=366.0, endLine=366.0, startOffset=31.0, endOffset=47.0}	10min	AZ8ATP2_L918jjhl3eNC	fb89da2a2a3410618b10c762de659819	OPEN
CRITICAL	2026-06-25T19:40:56+0000		367.0	chat02jselvis@gmail.com	java:S1192	backend-astramaco	10min		"Define a constant instead of duplicating this literal ""tipoTransporte"" 4 times."	2026-06-25T11:58:36+0000	CODE_SMELL	false	"design / "	backend-astramaco:src/main/java/com/example/backendastramaco/service/PedidoService.java	"{locations=[{component=backend-astramaco:src/main/java/com/example/backendastramaco/service/PedidoService.java, textRange={startLine=367.0, endLine=367.0, startOffset=31.0, endOffset=47.0}, msg=Duplication, msgFormattings=[]}]} / {locations=[{component=backend-astramaco:src/main/java/com/example/backendastramaco/service/PedidoService.java, textRange={startLine=399.0, endLine=399.0, startOffset=31.0, endOffset=47.0}, msg=Duplication, msgFormattings=[]}]} / {locations=[{component=backend-astramaco:src/main/java/com/example/backendastramaco/service/PedidoService.java, textRange={startLine=458.0, endLine=458.0, startOffset=27.0, endOffset=43.0}, msg=Duplication, msgFormattings=[]}]} / {locations=[{component=backend-astramaco:src/main/java/com/example/backendastramaco/service/PedidoService.java, textRange={startLine=473.0, endLine=473.0, startOffset=27.0, endOffset=43.0}, msg=Duplication, msgFormattings=[]}]} / "	MAIN	{startLine=367.0, endLine=367.0, startOffset=31.0, endOffset=47.0}	10min	AZ8ATP2_L918jjhl3eM8	1679b2f33457c402bb7488dca2c0a0ca	OPEN
CRITICAL	2026-06-25T19:40:56+0000		368.0	chat02jselvis@gmail.com	java:S1192	backend-astramaco	10min		"Define a constant instead of duplicating this literal ""material"" 4 times."	2026-06-25T11:58:36+0000	CODE_SMELL	false	"design / "	backend-astramaco:src/main/java/com/example/backendastramaco/service/PedidoService.java	"{locations=[{component=backend-astramaco:src/main/java/com/example/backendastramaco/service/PedidoService.java, textRange={startLine=368.0, endLine=368.0, startOffset=31.0, endOffset=41.0}, msg=Duplication, msgFormattings=[]}]} / {locations=[{component=backend-astramaco:src/main/java/com/example/backendastramaco/service/PedidoService.java, textRange={startLine=400.0, endLine=400.0, startOffset=31.0, endOffset=41.0}, msg=Duplication, msgFormattings=[]}]} / {locations=[{component=backend-astramaco:src/main/java/com/example/backendastramaco/service/PedidoService.java, textRange={startLine=459.0, endLine=459.0, startOffset=27.0, endOffset=37.0}, msg=Duplication, msgFormattings=[]}]} / {locations=[{component=backend-astramaco:src/main/java/com/example/backendastramaco/service/PedidoService.java, textRange={startLine=474.0, endLine=474.0, startOffset=27.0, endOffset=37.0}, msg=Duplication, msgFormattings=[]}]} / "	MAIN	{startLine=368.0, endLine=368.0, startOffset=31.0, endOffset=41.0}	10min	AZ8ATP2_L918jjhl3eNB	c41d3889f523d61e77775da0fa08c3fd	OPEN
CRITICAL	2026-06-25T19:40:56+0000		369.0	chat02jselvis@gmail.com	java:S1192	backend-astramaco	10min		"Define a constant instead of duplicating this literal ""cantidad"" 4 times."	2026-06-25T11:58:36+0000	CODE_SMELL	false	"design / "	backend-astramaco:src/main/java/com/example/backendastramaco/service/PedidoService.java	"{locations=[{component=backend-astramaco:src/main/java/com/example/backendastramaco/service/PedidoService.java, textRange={startLine=369.0, endLine=369.0, startOffset=31.0, endOffset=41.0}, msg=Duplication, msgFormattings=[]}]} / {locations=[{component=backend-astramaco:src/main/java/com/example/backendastramaco/service/PedidoService.java, textRange={startLine=401.0, endLine=401.0, startOffset=31.0, endOffset=41.0}, msg=Duplication, msgFormattings=[]}]} / {locations=[{component=backend-astramaco:src/main/java/com/example/backendastramaco/service/PedidoService.java, textRange={startLine=460.0, endLine=460.0, startOffset=27.0, endOffset=37.0}, msg=Duplication, msgFormattings=[]}]} / {locations=[{component=backend-astramaco:src/main/java/com/example/backendastramaco/service/PedidoService.java, textRange={startLine=475.0, endLine=475.0, startOffset=27.0, endOffset=37.0}, msg=Duplication, msgFormattings=[]}]} / "	MAIN	{startLine=369.0, endLine=369.0, startOffset=31.0, endOffset=41.0}	10min	AZ8ATP2_L918jjhl3eM7	e617d734f2d89b5dd41ebb67cbcadaf9	OPEN
CRITICAL	2026-06-25T19:40:56+0000		370.0	chat02jselvis@gmail.com	java:S1192	backend-astramaco	10min		"Define a constant instead of duplicating this literal ""montoTotal"" 4 times."	2026-06-25T11:58:36+0000	CODE_SMELL	false	"design / "	backend-astramaco:src/main/java/com/example/backendastramaco/service/PedidoService.java	"{locations=[{component=backend-astramaco:src/main/java/com/example/backendastramaco/service/PedidoService.java, textRange={startLine=370.0, endLine=370.0, startOffset=31.0, endOffset=43.0}, msg=Duplication, msgFormattings=[]}]} / {locations=[{component=backend-astramaco:src/main/java/com/example/backendastramaco/service/PedidoService.java, textRange={startLine=402.0, endLine=402.0, startOffset=31.0, endOffset=43.0}, msg=Duplication, msgFormattings=[]}]} / {locations=[{component=backend-astramaco:src/main/java/com/example/backendastramaco/service/PedidoService.java, textRange={startLine=461.0, endLine=461.0, startOffset=27.0, endOffset=39.0}, msg=Duplication, msgFormattings=[]}]} / {locations=[{component=backend-astramaco:src/main/java/com/example/backendastramaco/service/PedidoService.java, textRange={startLine=476.0, endLine=476.0, startOffset=27.0, endOffset=39.0}, msg=Duplication, msgFormattings=[]}]} / "	MAIN	{startLine=370.0, endLine=370.0, startOffset=31.0, endOffset=43.0}	10min	AZ8ATP2_L918jjhl3eM9	618cb1bdd698e8f84f9d734ea8261dbb	OPEN
CRITICAL	2026-06-25T19:40:56+0000		371.0	chat02jselvis@gmail.com	java:S1192	backend-astramaco	10min		"Define a constant instead of duplicating this literal ""adelanto"" 4 times."	2026-06-25T11:58:36+0000	CODE_SMELL	false	"design / "	backend-astramaco:src/main/java/com/example/backendastramaco/service/PedidoService.java	"{locations=[{component=backend-astramaco:src/main/java/com/example/backendastramaco/service/PedidoService.java, textRange={startLine=371.0, endLine=371.0, startOffset=31.0, endOffset=41.0}, msg=Duplication, msgFormattings=[]}]} / {locations=[{component=backend-astramaco:src/main/java/com/example/backendastramaco/service/PedidoService.java, textRange={startLine=403.0, endLine=403.0, startOffset=31.0, endOffset=41.0}, msg=Duplication, msgFormattings=[]}]} / {locations=[{component=backend-astramaco:src/main/java/com/example/backendastramaco/service/PedidoService.java, textRange={startLine=462.0, endLine=462.0, startOffset=27.0, endOffset=37.0}, msg=Duplication, msgFormattings=[]}]} / {locations=[{component=backend-astramaco:src/main/java/com/example/backendastramaco/service/PedidoService.java, textRange={startLine=477.0, endLine=477.0, startOffset=27.0, endOffset=37.0}, msg=Duplication, msgFormattings=[]}]} / "	MAIN	{startLine=371.0, endLine=371.0, startOffset=31.0, endOffset=41.0}	10min	AZ8ATP2_L918jjhl3eM-	eb5a7f7de318def7716e6ec110f23f9a	OPEN
CRITICAL	2026-06-25T19:40:56+0000		372.0	chat02jselvis@gmail.com	java:S1192	backend-astramaco	10min		"Define a constant instead of duplicating this literal ""estado"" 4 times."	2026-06-25T11:58:36+0000	CODE_SMELL	false	"design / "	backend-astramaco:src/main/java/com/example/backendastramaco/service/PedidoService.java	"{locations=[{component=backend-astramaco:src/main/java/com/example/backendastramaco/service/PedidoService.java, textRange={startLine=372.0, endLine=372.0, startOffset=31.0, endOffset=39.0}, msg=Duplication, msgFormattings=[]}]} / {locations=[{component=backend-astramaco:src/main/java/com/example/backendastramaco/service/PedidoService.java, textRange={startLine=404.0, endLine=404.0, startOffset=31.0, endOffset=39.0}, msg=Duplication, msgFormattings=[]}]} / {locations=[{component=backend-astramaco:src/main/java/com/example/backendastramaco/service/PedidoService.java, textRange={startLine=463.0, endLine=463.0, startOffset=27.0, endOffset=35.0}, msg=Duplication, msgFormattings=[]}]} / {locations=[{component=backend-astramaco:src/main/java/com/example/backendastramaco/service/PedidoService.java, textRange={startLine=478.0, endLine=478.0, startOffset=27.0, endOffset=35.0}, msg=Duplication, msgFormattings=[]}]} / "	MAIN	{startLine=372.0, endLine=372.0, startOffset=31.0, endOffset=39.0}	10min	AZ8ATP2_L918jjhl3eM3	06735ba25d998d9d4c2c8851fb58bc77	OPEN
CRITICAL	2026-06-25T19:40:56+0000		373.0	chat02jselvis@gmail.com	java:S1192	backend-astramaco	10min		"Define a constant instead of duplicating this literal ""createdAt"" 4 times."	2026-06-25T11:58:36+0000	CODE_SMELL	false	"design / "	backend-astramaco:src/main/java/com/example/backendastramaco/service/PedidoService.java	"{locations=[{component=backend-astramaco:src/main/java/com/example/backendastramaco/service/PedidoService.java, textRange={startLine=373.0, endLine=373.0, startOffset=31.0, endOffset=42.0}, msg=Duplication, msgFormattings=[]}]} / {locations=[{component=backend-astramaco:src/main/java/com/example/backendastramaco/service/PedidoService.java, textRange={startLine=405.0, endLine=405.0, startOffset=31.0, endOffset=42.0}, msg=Duplication, msgFormattings=[]}]} / {locations=[{component=backend-astramaco:src/main/java/com/example/backendastramaco/service/PedidoService.java, textRange={startLine=464.0, endLine=464.0, startOffset=27.0, endOffset=38.0}, msg=Duplication, msgFormattings=[]}]} / {locations=[{component=backend-astramaco:src/main/java/com/example/backendastramaco/service/PedidoService.java, textRange={startLine=479.0, endLine=479.0, startOffset=27.0, endOffset=38.0}, msg=Duplication, msgFormattings=[]}]} / "	MAIN	{startLine=373.0, endLine=373.0, startOffset=31.0, endOffset=42.0}	10min	AZ8ATP2_L918jjhl3eM6	cd018803b1e3cb7a7d1765bee307beba	OPEN
MAJOR	2026-06-25T19:40:56+0000		393.0	chat02jselvis@gmail.com	java:S1141	backend-astramaco	20min		Extract this nested try block into a separate method.	2026-06-25T11:58:36+0000	CODE_SMELL	false	"confusing / error-handling / "	backend-astramaco:src/main/java/com/example/backendastramaco/service/PedidoService.java	"{locations=[{component=backend-astramaco:src/main/java/com/example/backendastramaco/service/PedidoService.java, textRange={startLine=342.0, endLine=342.0, startOffset=8.0, endOffset=11.0}, msg=Nesting + 1, msgFormattings=[]}]} / "	MAIN	{startLine=393.0, endLine=393.0, startOffset=16.0, endOffset=19.0}	20min	AZ8ATP2_L918jjhl3eNE	80d5b17efc16ace990c07580fc3e85eb	OPEN
MAJOR	2026-06-25T19:40:56+0000		452.0	chat02jselvis@gmail.com	java:S1141	backend-astramaco	20min		Extract this nested try block into a separate method.	2026-06-25T11:58:36+0000	CODE_SMELL	false	"confusing / error-handling / "	backend-astramaco:src/main/java/com/example/backendastramaco/service/PedidoService.java	"{locations=[{component=backend-astramaco:src/main/java/com/example/backendastramaco/service/PedidoService.java, textRange={startLine=422.0, endLine=422.0, startOffset=8.0, endOffset=11.0}, msg=Nesting + 1, msgFormattings=[]}]} / "	MAIN	{startLine=452.0, endLine=452.0, startOffset=12.0, endOffset=15.0}	20min	AZ8ATP2_L918jjhl3eNF	80d5b17efc16ace990c07580fc3e85eb	OPEN
CRITICAL	2026-06-25T19:40:56+0000		506.0	chat02jselvis@gmail.com	java:S1192	backend-astramaco	8min		"Define a constant instead of duplicating this literal ""unknown"" 3 times."	2026-06-25T11:58:36+0000	CODE_SMELL	false	"design / "	backend-astramaco:src/main/java/com/example/backendastramaco/service/PedidoService.java	"{locations=[{component=backend-astramaco:src/main/java/com/example/backendastramaco/service/PedidoService.java, textRange={startLine=506.0, endLine=506.0, startOffset=46.0, endOffset=55.0}, msg=Duplication, msgFormattings=[]}]} / {locations=[{component=backend-astramaco:src/main/java/com/example/backendastramaco/service/PedidoService.java, textRange={startLine=509.0, endLine=509.0, startOffset=46.0, endOffset=55.0}, msg=Duplication, msgFormattings=[]}]} / {locations=[{component=backend-astramaco:src/main/java/com/example/backendastramaco/service/PedidoService.java, textRange={startLine=512.0, endLine=512.0, startOffset=46.0, endOffset=55.0}, msg=Duplication, msgFormattings=[]}]} / "	MAIN	{startLine=506.0, endLine=506.0, startOffset=46.0, endOffset=55.0}	8min	AZ8ATP2_L918jjhl3eM_	104000ffbad61eed6f595e196b930ee2	OPEN
MINOR	2026-06-25T19:40:56+0000		59.0	chat02jselvis@gmail.com	java:S1874	backend-astramaco	15min		"Remove this use of ""Usuario""; it is deprecated."	2026-06-25T11:58:36+0000	CODE_SMELL	false	"cert / cwe / obsolete / "	backend-astramaco:src/main/java/com/example/backendastramaco/service/TransportistaService.java		MAIN	{startLine=59.0, endLine=59.0, startOffset=8.0, endOffset=15.0}	15min	AZ8ATP3RL918jjhl3eNe	7a00565f00a590e986a0920f0c5d3a1b	OPEN
MINOR	2026-06-25T19:40:56+0000		59.0	chat02jselvis@gmail.com	java:S1874	backend-astramaco	15min		"Remove this use of ""Usuario""; it is deprecated."	2026-06-25T11:58:36+0000	CODE_SMELL	false	"cert / cwe / obsolete / "	backend-astramaco:src/main/java/com/example/backendastramaco/service/TransportistaService.java		MAIN	{startLine=59.0, endLine=59.0, startOffset=30.0, endOffset=37.0}	15min	AZ8ATP3RL918jjhl3eNf	7a00565f00a590e986a0920f0c5d3a1b	OPEN
MINOR	2026-06-25T19:40:56+0000		67.0	chat02jselvis@gmail.com	java:S1874	backend-astramaco	15min		"Remove this use of ""Transportista""; it is deprecated."	2026-06-25T11:58:36+0000	CODE_SMELL	false	"cert / cwe / obsolete / "	backend-astramaco:src/main/java/com/example/backendastramaco/service/TransportistaService.java		MAIN	{startLine=67.0, endLine=67.0, startOffset=8.0, endOffset=21.0}	15min	AZ8ATP3RL918jjhl3eNg	1dd3220574385d9646e2dab4ad149417	OPEN
MINOR	2026-06-25T19:40:56+0000		67.0	chat02jselvis@gmail.com	java:S1874	backend-astramaco	15min		"Remove this use of ""Transportista""; it is deprecated."	2026-06-25T11:58:36+0000	CODE_SMELL	false	"cert / cwe / obsolete / "	backend-astramaco:src/main/java/com/example/backendastramaco/service/TransportistaService.java		MAIN	{startLine=67.0, endLine=67.0, startOffset=30.0, endOffset=43.0}	15min	AZ8ATP3RL918jjhl3eNh	1dd3220574385d9646e2dab4ad149417	OPEN
MINOR	2026-06-25T19:40:56+0000		101.0	chat02jselvis@gmail.com	java:S1874	backend-astramaco	15min		"Remove this use of ""Transportista""; it is deprecated."	2026-06-25T11:58:36+0000	CODE_SMELL	false	"cert / cwe / obsolete / "	backend-astramaco:src/main/java/com/example/backendastramaco/service/TransportistaService.java		MAIN	{startLine=101.0, endLine=101.0, startOffset=16.0, endOffset=29.0}	15min	AZ8ATP3RL918jjhl3eNj	95988c42638be17eb3d0f57f256f6a92	OPEN
MINOR	2026-06-25T19:40:56+0000		123.0	chat02jselvis@gmail.com	java:S1874	backend-astramaco	15min		"Remove this use of ""Transportista""; it is deprecated."	2026-06-25T11:58:36+0000	CODE_SMELL	false	"cert / cwe / obsolete / "	backend-astramaco:src/main/java/com/example/backendastramaco/service/TransportistaService.java		MAIN	{startLine=123.0, endLine=123.0, startOffset=16.0, endOffset=29.0}	15min	AZ8ATP3RL918jjhl3eNk	c45060b36306e07e325abe3001a1af5b	OPEN
MINOR	2026-06-25T19:40:56+0000		129.0	chat02jselvis@gmail.com	java:S1874	backend-astramaco	15min		"Remove this use of ""Transportista""; it is deprecated."	2026-06-25T11:58:36+0000	CODE_SMELL	false	"cert / cwe / obsolete / "	backend-astramaco:src/main/java/com/example/backendastramaco/service/TransportistaService.java		MAIN	{startLine=129.0, endLine=129.0, startOffset=16.0, endOffset=29.0}	15min	AZ8ATP3RL918jjhl3eNl	18241c47a19dcde394c0b6f6fe3b8d95	OPEN
MINOR	2026-06-25T19:40:56+0000		135.0	chat02jselvis@gmail.com	java:S1874	backend-astramaco	15min		"Remove this use of ""Transportista""; it is deprecated."	2026-06-25T11:58:36+0000	CODE_SMELL	false	"cert / cwe / obsolete / "	backend-astramaco:src/main/java/com/example/backendastramaco/service/TransportistaService.java		MAIN	{startLine=135.0, endLine=135.0, startOffset=11.0, endOffset=24.0}	15min	AZ8ATP3RL918jjhl3eNm	fd452710d2631df9c1b4a5790d773d34	OPEN
CRITICAL	2026-06-25T19:40:56+0000		138.0	chat02jselvis@gmail.com	java:S1192	backend-astramaco	14min		"Define a constant instead of duplicating this literal ""Transportista no encontrado con ID: "" 6 times."	2026-06-25T11:58:36+0000	CODE_SMELL	false	"design / "	backend-astramaco:src/main/java/com/example/backendastramaco/service/TransportistaService.java	"{locations=[{component=backend-astramaco:src/main/java/com/example/backendastramaco/service/TransportistaService.java, textRange={startLine=138.0, endLine=138.0, startOffset=65.0, endOffset=103.0}, msg=Duplication, msgFormattings=[]}]} / {locations=[{component=backend-astramaco:src/main/java/com/example/backendastramaco/service/TransportistaService.java, textRange={startLine=168.0, endLine=168.0, startOffset=65.0, endOffset=103.0}, msg=Duplication, msgFormattings=[]}]} / {locations=[{component=backend-astramaco:src/main/java/com/example/backendastramaco/service/TransportistaService.java, textRange={startLine=215.0, endLine=215.0, startOffset=65.0, endOffset=103.0}, msg=Duplication, msgFormattings=[]}]} / {locations=[{component=backend-astramaco:src/main/java/com/example/backendastramaco/service/TransportistaService.java, textRange={startLine=237.0, endLine=237.0, startOffset=65.0, endOffset=103.0}, msg=Duplication, msgFormattings=[]}]} / {locations=[{component=backend-astramaco:src/main/java/com/example/backendastramaco/service/TransportistaService.java, textRange={startLine=268.0, endLine=268.0, startOffset=65.0, endOffset=103.0}, msg=Duplication, msgFormattings=[]}]} / {locations=[{component=backend-astramaco:src/main/java/com/example/backendastramaco/service/TransportistaService.java, textRange={startLine=299.0, endLine=299.0, startOffset=65.0, endOffset=103.0}, msg=Duplication, msgFormattings=[]}]} / "	MAIN	{startLine=138.0, endLine=138.0, startOffset=65.0, endOffset=103.0}	14min	AZ8ATP3RL918jjhl3eNS	81bff835cae3d8db6c452e55bd888f7b	OPEN
MINOR	2026-06-25T19:40:56+0000		142.0	chat02jselvis@gmail.com	java:S1874	backend-astramaco	15min		"Remove this use of ""Transportista""; it is deprecated."	2026-06-25T11:58:36+0000	CODE_SMELL	false	"cert / cwe / obsolete / "	backend-astramaco:src/main/java/com/example/backendastramaco/service/TransportistaService.java		MAIN	{startLine=142.0, endLine=142.0, startOffset=11.0, endOffset=24.0}	15min	AZ8ATP3SL918jjhl3eNn	580e5a49bba106af8098520823e6873a	OPEN
MINOR	2026-06-25T19:40:56+0000		149.0	chat02jselvis@gmail.com	java:S1874	backend-astramaco	15min		"Remove this use of ""Transportista""; it is deprecated."	2026-06-25T11:58:36+0000	CODE_SMELL	false	"cert / cwe / obsolete / "	backend-astramaco:src/main/java/com/example/backendastramaco/service/TransportistaService.java		MAIN	{startLine=149.0, endLine=149.0, startOffset=11.0, endOffset=24.0}	15min	AZ8ATP3SL918jjhl3eNo	386bde0a19348e10432f004ac195b62e	OPEN
MINOR	2026-06-25T19:40:56+0000		151.0	chat02jselvis@gmail.com	java:S1874	backend-astramaco	15min		"Remove this use of ""Usuario""; it is deprecated."	2026-06-25T11:58:36+0000	CODE_SMELL	false	"cert / cwe / obsolete / "	backend-astramaco:src/main/java/com/example/backendastramaco/service/TransportistaService.java		MAIN	{startLine=151.0, endLine=151.0, startOffset=8.0, endOffset=15.0}	15min	AZ8ATP3SL918jjhl3eNp	8d5e03f288f2d24e881474784cf6d34b	OPEN
MINOR	2026-06-25T19:40:56+0000		158.0	chat02jselvis@gmail.com	java:S1874	backend-astramaco	15min		"Remove this use of ""Transportista""; it is deprecated."	2026-06-25T11:58:36+0000	CODE_SMELL	false	"cert / cwe / obsolete / "	backend-astramaco:src/main/java/com/example/backendastramaco/service/TransportistaService.java		MAIN	{startLine=158.0, endLine=158.0, startOffset=16.0, endOffset=29.0}	15min	AZ8ATP3SL918jjhl3eNq	90255d459ffb6689d0e32fe97f6c451b	OPEN
MINOR	2026-06-25T19:40:56+0000		214.0	chat02jselvis@gmail.com	java:S1874	backend-astramaco	15min		"Remove this use of ""Transportista""; it is deprecated."	2026-06-25T11:58:36+0000	CODE_SMELL	false	"cert / cwe / obsolete / "	backend-astramaco:src/main/java/com/example/backendastramaco/service/TransportistaService.java		MAIN	{startLine=214.0, endLine=214.0, startOffset=8.0, endOffset=21.0}	15min	AZ8ATP3SL918jjhl3eNv	fd4987b8c5c1cade34b4ea69afc79dd5	OPEN
MINOR	2026-06-25T19:40:56+0000		217.0	chat02jselvis@gmail.com	java:S1874	backend-astramaco	15min		"Remove this use of ""Transportista""; it is deprecated."	2026-06-25T11:58:36+0000	CODE_SMELL	false	"cert / cwe / obsolete / "	backend-astramaco:src/main/java/com/example/backendastramaco/service/TransportistaService.java		MAIN	{startLine=217.0, endLine=217.0, startOffset=8.0, endOffset=21.0}	15min	AZ8ATP3SL918jjhl3eNw	a6fffcd7c6d71585706115f972eb1be3	OPEN
MAJOR	2026-06-25T19:40:56+0000		240.0	chat02jselvis@gmail.com	java:S112	backend-astramaco	20min		Define and throw a dedicated exception instead of using a generic one.	2026-06-25T11:58:36+0000	CODE_SMELL	false	"cert / cwe / error-handling / "	backend-astramaco:src/main/java/com/example/backendastramaco/service/TransportistaService.java		MAIN	{startLine=240.0, endLine=240.0, startOffset=22.0, endOffset=38.0}	20min	AZ8ATP3RL918jjhl3eNO	72de9998db109b67a6a9cc18acc98d0a	OPEN
MINOR	2026-06-25T19:40:56+0000		267.0	chat02jselvis@gmail.com	java:S1874	backend-astramaco	15min		"Remove this use of ""Transportista""; it is deprecated."	2026-06-25T11:58:36+0000	CODE_SMELL	false	"cert / cwe / obsolete / "	backend-astramaco:src/main/java/com/example/backendastramaco/service/TransportistaService.java		MAIN	{startLine=267.0, endLine=267.0, startOffset=8.0, endOffset=21.0}	15min	AZ8ATP3SL918jjhl3eNz	fd4987b8c5c1cade34b4ea69afc79dd5	OPEN
MAJOR	2026-06-25T19:40:56+0000		271.0	chat02jselvis@gmail.com	java:S112	backend-astramaco	20min		Define and throw a dedicated exception instead of using a generic one.	2026-06-25T11:58:36+0000	CODE_SMELL	false	"cert / cwe / error-handling / "	backend-astramaco:src/main/java/com/example/backendastramaco/service/TransportistaService.java		MAIN	{startLine=271.0, endLine=271.0, startOffset=22.0, endOffset=38.0}	20min	AZ8ATP3RL918jjhl3eNP	b72860283f45fdd672903b835e3c8663	OPEN
MINOR	2026-06-25T19:40:56+0000		274.0	chat02jselvis@gmail.com	java:S1874	backend-astramaco	15min		"Remove this use of ""Transportista""; it is deprecated."	2026-06-25T11:58:36+0000	CODE_SMELL	false	"cert / cwe / obsolete / "	backend-astramaco:src/main/java/com/example/backendastramaco/service/TransportistaService.java		MAIN	{startLine=274.0, endLine=274.0, startOffset=8.0, endOffset=21.0}	15min	AZ8ATP3SL918jjhl3eN0	a6fffcd7c6d71585706115f972eb1be3	OPEN
MINOR	2026-06-25T19:40:56+0000		298.0	chat02jselvis@gmail.com	java:S1874	backend-astramaco	15min		"Remove this use of ""Transportista""; it is deprecated."	2026-06-25T11:58:36+0000	CODE_SMELL	false	"cert / cwe / obsolete / "	backend-astramaco:src/main/java/com/example/backendastramaco/service/TransportistaService.java		MAIN	{startLine=298.0, endLine=298.0, startOffset=8.0, endOffset=21.0}	15min	AZ8ATP3SL918jjhl3eN1	fd4987b8c5c1cade34b4ea69afc79dd5	OPEN
MINOR	2026-06-25T19:40:56+0000		302.0	chat02jselvis@gmail.com	java:S1874	backend-astramaco	15min		"Remove this use of ""Transportista""; it is deprecated."	2026-06-25T11:58:36+0000	CODE_SMELL	false	"cert / cwe / obsolete / "	backend-astramaco:src/main/java/com/example/backendastramaco/service/TransportistaService.java		MAIN	{startLine=302.0, endLine=302.0, startOffset=8.0, endOffset=21.0}	15min	AZ8ATP3SL918jjhl3eN2	a6fffcd7c6d71585706115f972eb1be3	OPEN
MINOR	2026-06-25T19:40:56+0000		318.0	chat02jselvis@gmail.com	java:S1874	backend-astramaco	15min		"Remove this use of ""Transportista""; it is deprecated."	2026-06-25T11:58:36+0000	CODE_SMELL	false	"cert / cwe / obsolete / "	backend-astramaco:src/main/java/com/example/backendastramaco/service/TransportistaService.java		MAIN	{startLine=318.0, endLine=318.0, startOffset=68.0, endOffset=81.0}	15min	AZ8ATP3SL918jjhl3eN3	bca0dd703fca43351d2f08f6ac0b2c2e	OPEN
MINOR	2026-06-25T19:40:56+0000		318.0	chat02jselvis@gmail.com	java:S1874	backend-astramaco	15min		"Remove this use of ""Transportista""; it is deprecated."	2026-06-25T11:58:36+0000	CODE_SMELL	false	"cert / cwe / obsolete / "	backend-astramaco:src/main/java/com/example/backendastramaco/service/TransportistaService.java		MAIN	{startLine=318.0, endLine=318.0, startOffset=91.0, endOffset=104.0}	15min	AZ8ATP3SL918jjhl3eN4	bca0dd703fca43351d2f08f6ac0b2c2e	OPEN
MAJOR	2026-06-25T19:40:56+0000		338.0	chat02jselvis@gmail.com	java:S1141	backend-astramaco	20min		Extract this nested try block into a separate method.	2026-06-25T11:58:36+0000	CODE_SMELL	false	"confusing / error-handling / "	backend-astramaco:src/main/java/com/example/backendastramaco/service/TransportistaService.java	"{locations=[{component=backend-astramaco:src/main/java/com/example/backendastramaco/service/TransportistaService.java, textRange={startLine=319.0, endLine=319.0, startOffset=8.0, endOffset=11.0}, msg=Nesting + 1, msgFormattings=[]}]} / "	MAIN	{startLine=338.0, endLine=338.0, startOffset=16.0, endOffset=19.0}	20min	AZ8ATP3RL918jjhl3eNa	80d5b17efc16ace990c07580fc3e85eb	OPEN
CRITICAL	2026-06-25T19:40:56+0000		341.0	chat02jselvis@gmail.com	java:S1192	backend-astramaco	10min		"Define a constant instead of duplicating this literal ""nombre"" 4 times."	2026-06-25T11:58:36+0000	CODE_SMELL	false	"design / "	backend-astramaco:src/main/java/com/example/backendastramaco/service/TransportistaService.java	"{locations=[{component=backend-astramaco:src/main/java/com/example/backendastramaco/service/TransportistaService.java, textRange={startLine=341.0, endLine=341.0, startOffset=31.0, endOffset=39.0}, msg=Duplication, msgFormattings=[]}]} / {locations=[{component=backend-astramaco:src/main/java/com/example/backendastramaco/service/TransportistaService.java, textRange={startLine=373.0, endLine=373.0, startOffset=31.0, endOffset=39.0}, msg=Duplication, msgFormattings=[]}]} / {locations=[{component=backend-astramaco:src/main/java/com/example/backendastramaco/service/TransportistaService.java, textRange={startLine=432.0, endLine=432.0, startOffset=27.0, endOffset=35.0}, msg=Duplication, msgFormattings=[]}]} / {locations=[{component=backend-astramaco:src/main/java/com/example/backendastramaco/service/TransportistaService.java, textRange={startLine=447.0, endLine=447.0, startOffset=27.0, endOffset=35.0}, msg=Duplication, msgFormattings=[]}]} / "	MAIN	{startLine=341.0, endLine=341.0, startOffset=31.0, endOffset=39.0}	10min	AZ8ATP3RL918jjhl3eNU	81f77aed6564bada059acc3120aad8e9	OPEN
CRITICAL	2026-06-25T19:40:56+0000		342.0	chat02jselvis@gmail.com	java:S1192	backend-astramaco	10min		"Define a constant instead of duplicating this literal ""apellidos"" 4 times."	2026-06-25T11:58:36+0000	CODE_SMELL	false	"design / "	backend-astramaco:src/main/java/com/example/backendastramaco/service/TransportistaService.java	"{locations=[{component=backend-astramaco:src/main/java/com/example/backendastramaco/service/TransportistaService.java, textRange={startLine=342.0, endLine=342.0, startOffset=31.0, endOffset=42.0}, msg=Duplication, msgFormattings=[]}]} / {locations=[{component=backend-astramaco:src/main/java/com/example/backendastramaco/service/TransportistaService.java, textRange={startLine=374.0, endLine=374.0, startOffset=31.0, endOffset=42.0}, msg=Duplication, msgFormattings=[]}]} / {locations=[{component=backend-astramaco:src/main/java/com/example/backendastramaco/service/TransportistaService.java, textRange={startLine=433.0, endLine=433.0, startOffset=27.0, endOffset=38.0}, msg=Duplication, msgFormattings=[]}]} / {locations=[{component=backend-astramaco:src/main/java/com/example/backendastramaco/service/TransportistaService.java, textRange={startLine=448.0, endLine=448.0, startOffset=27.0, endOffset=38.0}, msg=Duplication, msgFormattings=[]}]} / "	MAIN	{startLine=342.0, endLine=342.0, startOffset=31.0, endOffset=42.0}	10min	AZ8ATP3RL918jjhl3eNY	e200e62c6059bd98faaf2605bd399d08	OPEN
CRITICAL	2026-06-25T19:40:56+0000		345.0	chat02jselvis@gmail.com	java:S1192	backend-astramaco	10min		"Define a constant instead of duplicating this literal ""tipoTransporte"" 4 times."	2026-06-25T11:58:36+0000	CODE_SMELL	false	"design / "	backend-astramaco:src/main/java/com/example/backendastramaco/service/TransportistaService.java	"{locations=[{component=backend-astramaco:src/main/java/com/example/backendastramaco/service/TransportistaService.java, textRange={startLine=345.0, endLine=345.0, startOffset=31.0, endOffset=47.0}, msg=Duplication, msgFormattings=[]}]} / {locations=[{component=backend-astramaco:src/main/java/com/example/backendastramaco/service/TransportistaService.java, textRange={startLine=377.0, endLine=377.0, startOffset=31.0, endOffset=47.0}, msg=Duplication, msgFormattings=[]}]} / {locations=[{component=backend-astramaco:src/main/java/com/example/backendastramaco/service/TransportistaService.java, textRange={startLine=436.0, endLine=436.0, startOffset=27.0, endOffset=43.0}, msg=Duplication, msgFormattings=[]}]} / {locations=[{component=backend-astramaco:src/main/java/com/example/backendastramaco/service/TransportistaService.java, textRange={startLine=451.0, endLine=451.0, startOffset=27.0, endOffset=43.0}, msg=Duplication, msgFormattings=[]}]} / "	MAIN	{startLine=345.0, endLine=345.0, startOffset=31.0, endOffset=47.0}	10min	AZ8ATP3RL918jjhl3eNT	1679b2f33457c402bb7488dca2c0a0ca	OPEN
CRITICAL	2026-06-25T19:40:56+0000		346.0	chat02jselvis@gmail.com	java:S1192	backend-astramaco	10min		"Define a constant instead of duplicating this literal ""placa"" 4 times."	2026-06-25T11:58:36+0000	CODE_SMELL	false	"design / "	backend-astramaco:src/main/java/com/example/backendastramaco/service/TransportistaService.java	"{locations=[{component=backend-astramaco:src/main/java/com/example/backendastramaco/service/TransportistaService.java, textRange={startLine=346.0, endLine=346.0, startOffset=31.0, endOffset=38.0}, msg=Duplication, msgFormattings=[]}]} / {locations=[{component=backend-astramaco:src/main/java/com/example/backendastramaco/service/TransportistaService.java, textRange={startLine=378.0, endLine=378.0, startOffset=31.0, endOffset=38.0}, msg=Duplication, msgFormattings=[]}]} / {locations=[{component=backend-astramaco:src/main/java/com/example/backendastramaco/service/TransportistaService.java, textRange={startLine=437.0, endLine=437.0, startOffset=27.0, endOffset=34.0}, msg=Duplication, msgFormattings=[]}]} / {locations=[{component=backend-astramaco:src/main/java/com/example/backendastramaco/service/TransportistaService.java, textRange={startLine=452.0, endLine=452.0, startOffset=27.0, endOffset=34.0}, msg=Duplication, msgFormattings=[]}]} / "	MAIN	{startLine=346.0, endLine=346.0, startOffset=31.0, endOffset=38.0}	10min	AZ8ATP3RL918jjhl3eNX	bcd5e461bdc2c4467be171da75562e5b	OPEN
CRITICAL	2026-06-25T19:40:56+0000		347.0	chat02jselvis@gmail.com	java:S1192	backend-astramaco	10min		"Define a constant instead of duplicating this literal ""vehiculoInfo"" 4 times."	2026-06-25T11:58:36+0000	CODE_SMELL	false	"design / "	backend-astramaco:src/main/java/com/example/backendastramaco/service/TransportistaService.java	"{locations=[{component=backend-astramaco:src/main/java/com/example/backendastramaco/service/TransportistaService.java, textRange={startLine=347.0, endLine=347.0, startOffset=31.0, endOffset=45.0}, msg=Duplication, msgFormattings=[]}]} / {locations=[{component=backend-astramaco:src/main/java/com/example/backendastramaco/service/TransportistaService.java, textRange={startLine=379.0, endLine=379.0, startOffset=31.0, endOffset=45.0}, msg=Duplication, msgFormattings=[]}]} / {locations=[{component=backend-astramaco:src/main/java/com/example/backendastramaco/service/TransportistaService.java, textRange={startLine=438.0, endLine=438.0, startOffset=27.0, endOffset=41.0}, msg=Duplication, msgFormattings=[]}]} / {locations=[{component=backend-astramaco:src/main/java/com/example/backendastramaco/service/TransportistaService.java, textRange={startLine=453.0, endLine=453.0, startOffset=27.0, endOffset=41.0}, msg=Duplication, msgFormattings=[]}]} / "	MAIN	{startLine=347.0, endLine=347.0, startOffset=31.0, endOffset=45.0}	10min	AZ8ATP3RL918jjhl3eNZ	7c800760c557f53477c33586f70f2794	OPEN
CRITICAL	2026-06-25T19:40:56+0000		348.0	chat02jselvis@gmail.com	java:S1192	backend-astramaco	10min		"Define a constant instead of duplicating this literal ""capacidad"" 4 times."	2026-06-25T11:58:36+0000	CODE_SMELL	false	"design / "	backend-astramaco:src/main/java/com/example/backendastramaco/service/TransportistaService.java	"{locations=[{component=backend-astramaco:src/main/java/com/example/backendastramaco/service/TransportistaService.java, textRange={startLine=348.0, endLine=348.0, startOffset=31.0, endOffset=42.0}, msg=Duplication, msgFormattings=[]}]} / {locations=[{component=backend-astramaco:src/main/java/com/example/backendastramaco/service/TransportistaService.java, textRange={startLine=380.0, endLine=380.0, startOffset=31.0, endOffset=42.0}, msg=Duplication, msgFormattings=[]}]} / {locations=[{component=backend-astramaco:src/main/java/com/example/backendastramaco/service/TransportistaService.java, textRange={startLine=439.0, endLine=439.0, startOffset=27.0, endOffset=38.0}, msg=Duplication, msgFormattings=[]}]} / {locations=[{component=backend-astramaco:src/main/java/com/example/backendastramaco/service/TransportistaService.java, textRange={startLine=454.0, endLine=454.0, startOffset=27.0, endOffset=38.0}, msg=Duplication, msgFormattings=[]}]} / "	MAIN	{startLine=348.0, endLine=348.0, startOffset=31.0, endOffset=42.0}	10min	AZ8ATP3RL918jjhl3eNW	968aff1f4accc6aaba335a9a62fd84f9	OPEN
CRITICAL	2026-06-25T19:40:56+0000		349.0	chat02jselvis@gmail.com	java:S1192	backend-astramaco	10min		"Define a constant instead of duplicating this literal ""estado"" 4 times."	2026-06-25T11:58:36+0000	CODE_SMELL	false	"design / "	backend-astramaco:src/main/java/com/example/backendastramaco/service/TransportistaService.java	"{locations=[{component=backend-astramaco:src/main/java/com/example/backendastramaco/service/TransportistaService.java, textRange={startLine=349.0, endLine=349.0, startOffset=31.0, endOffset=39.0}, msg=Duplication, msgFormattings=[]}]} / {locations=[{component=backend-astramaco:src/main/java/com/example/backendastramaco/service/TransportistaService.java, textRange={startLine=381.0, endLine=381.0, startOffset=31.0, endOffset=39.0}, msg=Duplication, msgFormattings=[]}]} / {locations=[{component=backend-astramaco:src/main/java/com/example/backendastramaco/service/TransportistaService.java, textRange={startLine=440.0, endLine=440.0, startOffset=27.0, endOffset=35.0}, msg=Duplication, msgFormattings=[]}]} / {locations=[{component=backend-astramaco:src/main/java/com/example/backendastramaco/service/TransportistaService.java, textRange={startLine=455.0, endLine=455.0, startOffset=27.0, endOffset=35.0}, msg=Duplication, msgFormattings=[]}]} / "	MAIN	{startLine=349.0, endLine=349.0, startOffset=31.0, endOffset=39.0}	10min	AZ8ATP3RL918jjhl3eNQ	06735ba25d998d9d4c2c8851fb58bc77	OPEN
CRITICAL	2026-06-25T19:40:56+0000		350.0	chat02jselvis@gmail.com	java:S1192	backend-astramaco	10min		"Define a constant instead of duplicating this literal ""createdAt"" 4 times."	2026-06-25T11:58:36+0000	CODE_SMELL	false	"design / "	backend-astramaco:src/main/java/com/example/backendastramaco/service/TransportistaService.java	"{locations=[{component=backend-astramaco:src/main/java/com/example/backendastramaco/service/TransportistaService.java, textRange={startLine=350.0, endLine=350.0, startOffset=31.0, endOffset=42.0}, msg=Duplication, msgFormattings=[]}]} / {locations=[{component=backend-astramaco:src/main/java/com/example/backendastramaco/service/TransportistaService.java, textRange={startLine=382.0, endLine=382.0, startOffset=31.0, endOffset=42.0}, msg=Duplication, msgFormattings=[]}]} / {locations=[{component=backend-astramaco:src/main/java/com/example/backendastramaco/service/TransportistaService.java, textRange={startLine=441.0, endLine=441.0, startOffset=27.0, endOffset=38.0}, msg=Duplication, msgFormattings=[]}]} / {locations=[{component=backend-astramaco:src/main/java/com/example/backendastramaco/service/TransportistaService.java, textRange={startLine=456.0, endLine=456.0, startOffset=27.0, endOffset=38.0}, msg=Duplication, msgFormattings=[]}]} / "	MAIN	{startLine=350.0, endLine=350.0, startOffset=31.0, endOffset=42.0}	10min	AZ8ATP3RL918jjhl3eNR	cd018803b1e3cb7a7d1765bee307beba	OPEN
MAJOR	2026-06-25T19:40:56+0000		370.0	chat02jselvis@gmail.com	java:S1141	backend-astramaco	20min		Extract this nested try block into a separate method.	2026-06-25T11:58:36+0000	CODE_SMELL	false	"confusing / error-handling / "	backend-astramaco:src/main/java/com/example/backendastramaco/service/TransportistaService.java	"{locations=[{component=backend-astramaco:src/main/java/com/example/backendastramaco/service/TransportistaService.java, textRange={startLine=319.0, endLine=319.0, startOffset=8.0, endOffset=11.0}, msg=Nesting + 1, msgFormattings=[]}]} / "	MAIN	{startLine=370.0, endLine=370.0, startOffset=16.0, endOffset=19.0}	20min	AZ8ATP3RL918jjhl3eNb	80d5b17efc16ace990c07580fc3e85eb	OPEN
MINOR	2026-06-25T19:40:56+0000		398.0	chat02jselvis@gmail.com	java:S1874	backend-astramaco	15min		"Remove this use of ""Transportista""; it is deprecated."	2026-06-25T11:58:36+0000	CODE_SMELL	false	"cert / cwe / obsolete / "	backend-astramaco:src/main/java/com/example/backendastramaco/service/TransportistaService.java		MAIN	{startLine=398.0, endLine=398.0, startOffset=38.0, endOffset=51.0}	15min	AZ8ATP3SL918jjhl3eN5	60c89700c751d5e04d574e41dc46675e	OPEN
MINOR	2026-06-25T19:40:56+0000		398.0	chat02jselvis@gmail.com	java:S1874	backend-astramaco	15min		"Remove this use of ""Transportista""; it is deprecated."	2026-06-25T11:58:36+0000	CODE_SMELL	false	"cert / cwe / obsolete / "	backend-astramaco:src/main/java/com/example/backendastramaco/service/TransportistaService.java		MAIN	{startLine=398.0, endLine=398.0, startOffset=61.0, endOffset=74.0}	15min	AZ8ATP3SL918jjhl3eN6	60c89700c751d5e04d574e41dc46675e	OPEN
MAJOR	2026-06-25T19:40:56+0000		429.0	chat02jselvis@gmail.com	java:S1141	backend-astramaco	20min		Extract this nested try block into a separate method.	2026-06-25T11:58:36+0000	CODE_SMELL	false	"confusing / error-handling / "	backend-astramaco:src/main/java/com/example/backendastramaco/service/TransportistaService.java	"{locations=[{component=backend-astramaco:src/main/java/com/example/backendastramaco/service/TransportistaService.java, textRange={startLine=399.0, endLine=399.0, startOffset=8.0, endOffset=11.0}, msg=Nesting + 1, msgFormattings=[]}]} / "	MAIN	{startLine=429.0, endLine=429.0, startOffset=12.0, endOffset=15.0}	20min	AZ8ATP3RL918jjhl3eNc	80d5b17efc16ace990c07580fc3e85eb	OPEN
CRITICAL	2026-06-25T19:40:56+0000		481.0	chat02jselvis@gmail.com	java:S1192	backend-astramaco	8min		"Define a constant instead of duplicating this literal ""unknown"" 3 times."	2026-06-25T11:58:36+0000	CODE_SMELL	false	"design / "	backend-astramaco:src/main/java/com/example/backendastramaco/service/TransportistaService.java	"{locations=[{component=backend-astramaco:src/main/java/com/example/backendastramaco/service/TransportistaService.java, textRange={startLine=481.0, endLine=481.0, startOffset=46.0, endOffset=55.0}, msg=Duplication, msgFormattings=[]}]} / {locations=[{component=backend-astramaco:src/main/java/com/example/backendastramaco/service/TransportistaService.java, textRange={startLine=484.0, endLine=484.0, startOffset=46.0, endOffset=55.0}, msg=Duplication, msgFormattings=[]}]} / {locations=[{component=backend-astramaco:src/main/java/com/example/backendastramaco/service/TransportistaService.java, textRange={startLine=487.0, endLine=487.0, startOffset=46.0, endOffset=55.0}, msg=Duplication, msgFormattings=[]}]} / "	MAIN	{startLine=481.0, endLine=481.0, startOffset=46.0, endOffset=55.0}	8min	AZ8ATP3RL918jjhl3eNV	104000ffbad61eed6f595e196b930ee2	OPEN
MINOR	2026-06-25T19:40:56+0000		496.0	chat02jselvis@gmail.com	java:S1874	backend-astramaco	15min		"Remove this use of ""Transportista""; it is deprecated."	2026-06-25T11:58:36+0000	CODE_SMELL	false	"cert / cwe / obsolete / "	backend-astramaco:src/main/java/com/example/backendastramaco/service/TransportistaService.java		MAIN	{startLine=496.0, endLine=496.0, startOffset=12.0, endOffset=25.0}	15min	AZ8ATP3SL918jjhl3eN7	a2453e8d0d57a130afb6b87e974e3776	OPEN
MINOR	2026-06-25T19:40:56+0000		496.0	chat02jselvis@gmail.com	java:S1874	backend-astramaco	15min		"Remove this use of ""Transportista""; it is deprecated."	2026-06-25T11:58:36+0000	CODE_SMELL	false	"cert / cwe / obsolete / "	backend-astramaco:src/main/java/com/example/backendastramaco/service/TransportistaService.java		MAIN	{startLine=496.0, endLine=496.0, startOffset=40.0, endOffset=53.0}	15min	AZ8ATP3TL918jjhl3eN8	a2453e8d0d57a130afb6b87e974e3776	OPEN
MINOR	2026-06-25T19:40:56+0000		497.0	chat02jselvis@gmail.com	java:S1874	backend-astramaco	15min		"Remove this use of ""Transportista""; it is deprecated."	2026-06-25T11:58:36+0000	CODE_SMELL	false	"cert / cwe / obsolete / "	backend-astramaco:src/main/java/com/example/backendastramaco/service/TransportistaService.java		MAIN	{startLine=497.0, endLine=497.0, startOffset=34.0, endOffset=47.0}	15min	AZ8ATP3TL918jjhl3eN-	e2c4632f8357fb5fef61ec197fc657f2	OPEN
MINOR	2026-06-25T19:40:56+0000		497.0	chat02jselvis@gmail.com	java:S1874	backend-astramaco	15min		"Remove this use of ""Transportista""; it is deprecated."	2026-06-25T11:58:36+0000	CODE_SMELL	false	"cert / cwe / obsolete / "	backend-astramaco:src/main/java/com/example/backendastramaco/service/TransportistaService.java		MAIN	{startLine=497.0, endLine=497.0, startOffset=8.0, endOffset=21.0}	15min	AZ8ATP3TL918jjhl3eN9	e2c4632f8357fb5fef61ec197fc657f2	OPEN
MINOR	2026-06-25T19:40:56+0000		37.0	chat02jselvis@gmail.com	java:S1874	backend-astramaco	15min		"Remove this use of ""Usuario""; it is deprecated."	2026-06-25T11:58:36+0000	CODE_SMELL	false	"cert / cwe / obsolete / "	backend-astramaco:src/main/java/com/example/backendastramaco/service/UsuarioService.java		MAIN	{startLine=37.0, endLine=37.0, startOffset=11.0, endOffset=18.0}	15min	AZ8ATP3nL918jjhl3eOJ	e035ecf019afd808371842a958550e48	OPEN
MINOR	2026-06-25T19:40:56+0000		45.0	chat02jselvis@gmail.com	java:S1874	backend-astramaco	15min		"Remove this use of ""Usuario""; it is deprecated."	2026-06-25T11:58:36+0000	CODE_SMELL	false	"cert / cwe / obsolete / "	backend-astramaco:src/main/java/com/example/backendastramaco/service/UsuarioService.java		MAIN	{startLine=45.0, endLine=45.0, startOffset=8.0, endOffset=15.0}	15min	AZ8ATP3nL918jjhl3eOK	7a00565f00a590e986a0920f0c5d3a1b	OPEN
MINOR	2026-06-25T19:40:56+0000		45.0	chat02jselvis@gmail.com	java:S1874	backend-astramaco	15min		"Remove this use of ""Usuario""; it is deprecated."	2026-06-25T11:58:36+0000	CODE_SMELL	false	"cert / cwe / obsolete / "	backend-astramaco:src/main/java/com/example/backendastramaco/service/UsuarioService.java		MAIN	{startLine=45.0, endLine=45.0, startOffset=30.0, endOffset=37.0}	15min	AZ8ATP3nL918jjhl3eOL	7a00565f00a590e986a0920f0c5d3a1b	OPEN
MINOR	2026-06-25T19:40:56+0000		66.0	chat02jselvis@gmail.com	java:S1874	backend-astramaco	15min		"Remove this use of ""Usuario""; it is deprecated."	2026-06-25T11:58:36+0000	CODE_SMELL	false	"cert / cwe / obsolete / "	backend-astramaco:src/main/java/com/example/backendastramaco/service/UsuarioService.java		MAIN	{startLine=66.0, endLine=66.0, startOffset=16.0, endOffset=23.0}	15min	AZ8ATP3nL918jjhl3eON	021a892d387b9bba18c12353c9a0cdf9	OPEN
MINOR	2026-06-25T19:40:56+0000		81.0	chat02jselvis@gmail.com	java:S1874	backend-astramaco	15min		"Remove this use of ""Usuario""; it is deprecated."	2026-06-25T11:58:36+0000	CODE_SMELL	false	"cert / cwe / obsolete / "	backend-astramaco:src/main/java/com/example/backendastramaco/service/UsuarioService.java		MAIN	{startLine=81.0, endLine=81.0, startOffset=16.0, endOffset=23.0}	15min	AZ8ATP3nL918jjhl3eOO	948de464d75f0aae2b89887f805202e0	OPEN
MINOR	2026-06-25T19:40:56+0000		87.0	chat02jselvis@gmail.com	java:S1874	backend-astramaco	15min		"Remove this use of ""Usuario""; it is deprecated."	2026-06-25T11:58:36+0000	CODE_SMELL	false	"cert / cwe / obsolete / "	backend-astramaco:src/main/java/com/example/backendastramaco/service/UsuarioService.java		MAIN	{startLine=87.0, endLine=87.0, startOffset=16.0, endOffset=23.0}	15min	AZ8ATP3nL918jjhl3eOP	aa2e7d4e73032743deb109064ff8516d	OPEN
MINOR	2026-06-25T19:40:56+0000		93.0	chat02jselvis@gmail.com	java:S1874	backend-astramaco	15min		"Remove this use of ""Usuario""; it is deprecated."	2026-06-25T11:58:36+0000	CODE_SMELL	false	"cert / cwe / obsolete / "	backend-astramaco:src/main/java/com/example/backendastramaco/service/UsuarioService.java		MAIN	{startLine=93.0, endLine=93.0, startOffset=11.0, endOffset=18.0}	15min	AZ8ATP3nL918jjhl3eOQ	2a0ee45f5be1221b1eea8631aca67f89	OPEN
CRITICAL	2026-06-25T19:40:56+0000		96.0	chat02jselvis@gmail.com	java:S1192	backend-astramaco	14min		"Define a constant instead of duplicating this literal ""Usuario no encontrado con ID: "" 6 times."	2026-06-25T11:58:36+0000	CODE_SMELL	false	"design / "	backend-astramaco:src/main/java/com/example/backendastramaco/service/UsuarioService.java	"{locations=[{component=backend-astramaco:src/main/java/com/example/backendastramaco/service/UsuarioService.java, textRange={startLine=96.0, endLine=96.0, startOffset=65.0, endOffset=97.0}, msg=Duplication, msgFormattings=[]}]} / {locations=[{component=backend-astramaco:src/main/java/com/example/backendastramaco/service/UsuarioService.java, textRange={startLine=111.0, endLine=111.0, startOffset=65.0, endOffset=97.0}, msg=Duplication, msgFormattings=[]}]} / {locations=[{component=backend-astramaco:src/main/java/com/example/backendastramaco/service/UsuarioService.java, textRange={startLine=145.0, endLine=145.0, startOffset=65.0, endOffset=97.0}, msg=Duplication, msgFormattings=[]}]} / {locations=[{component=backend-astramaco:src/main/java/com/example/backendastramaco/service/UsuarioService.java, textRange={startLine=167.0, endLine=167.0, startOffset=65.0, endOffset=97.0}, msg=Duplication, msgFormattings=[]}]} / {locations=[{component=backend-astramaco:src/main/java/com/example/backendastramaco/service/UsuarioService.java, textRange={startLine=199.0, endLine=199.0, startOffset=65.0, endOffset=97.0}, msg=Duplication, msgFormattings=[]}]} / {locations=[{component=backend-astramaco:src/main/java/com/example/backendastramaco/service/UsuarioService.java, textRange={startLine=228.0, endLine=228.0, startOffset=65.0, endOffset=97.0}, msg=Duplication, msgFormattings=[]}]} / "	MAIN	{startLine=96.0, endLine=96.0, startOffset=65.0, endOffset=97.0}	14min	AZ8ATP3nL918jjhl3eOD	4daff8d784c728a8e1869492e7e24d24	OPEN
MINOR	2026-06-25T19:40:56+0000		100.0	chat02jselvis@gmail.com	java:S1874	backend-astramaco	15min		"Remove this use of ""Usuario""; it is deprecated."	2026-06-25T11:58:36+0000	CODE_SMELL	false	"cert / cwe / obsolete / "	backend-astramaco:src/main/java/com/example/backendastramaco/service/UsuarioService.java		MAIN	{startLine=100.0, endLine=100.0, startOffset=11.0, endOffset=18.0}	15min	AZ8ATP3nL918jjhl3eOR	59e280f14eeba6f3bd7e7c192a9b39f5	OPEN
MINOR	2026-06-25T19:40:56+0000		107.0	chat02jselvis@gmail.com	java:S1874	backend-astramaco	15min		"Remove this use of ""Usuario""; it is deprecated."	2026-06-25T11:58:36+0000	CODE_SMELL	false	"cert / cwe / obsolete / "	backend-astramaco:src/main/java/com/example/backendastramaco/service/UsuarioService.java		MAIN	{startLine=107.0, endLine=107.0, startOffset=11.0, endOffset=18.0}	15min	AZ8ATP3nL918jjhl3eOS	936357e11d83dbbca61328d237477301	OPEN
MINOR	2026-06-25T19:40:56+0000		144.0	chat02jselvis@gmail.com	java:S1874	backend-astramaco	15min		"Remove this use of ""Usuario""; it is deprecated."	2026-06-25T11:58:36+0000	CODE_SMELL	false	"cert / cwe / obsolete / "	backend-astramaco:src/main/java/com/example/backendastramaco/service/UsuarioService.java		MAIN	{startLine=144.0, endLine=144.0, startOffset=8.0, endOffset=15.0}	15min	AZ8ATP3nL918jjhl3eOW	a484c3a948510af7ad4b2a8370619f4d	OPEN
MINOR	2026-06-25T19:40:56+0000		147.0	chat02jselvis@gmail.com	java:S1874	backend-astramaco	15min		"Remove this use of ""Usuario""; it is deprecated."	2026-06-25T11:58:36+0000	CODE_SMELL	false	"cert / cwe / obsolete / "	backend-astramaco:src/main/java/com/example/backendastramaco/service/UsuarioService.java		MAIN	{startLine=147.0, endLine=147.0, startOffset=8.0, endOffset=15.0}	15min	AZ8ATP3nL918jjhl3eOX	36965d57520a52dc486f4d6ea8e29e6f	OPEN
MAJOR	2026-06-25T19:40:56+0000		170.0	chat02jselvis@gmail.com	java:S112	backend-astramaco	20min		Define and throw a dedicated exception instead of using a generic one.	2026-06-25T11:58:36+0000	CODE_SMELL	false	"cert / cwe / error-handling / "	backend-astramaco:src/main/java/com/example/backendastramaco/service/UsuarioService.java		MAIN	{startLine=170.0, endLine=170.0, startOffset=22.0, endOffset=38.0}	20min	AZ8ATP3nL918jjhl3eN_	8d0aa90c29881f76ffe1c06c51717097	OPEN
MINOR	2026-06-25T19:40:56+0000		198.0	chat02jselvis@gmail.com	java:S1874	backend-astramaco	15min		"Remove this use of ""Usuario""; it is deprecated."	2026-06-25T11:58:36+0000	CODE_SMELL	false	"cert / cwe / obsolete / "	backend-astramaco:src/main/java/com/example/backendastramaco/service/UsuarioService.java		MAIN	{startLine=198.0, endLine=198.0, startOffset=8.0, endOffset=15.0}	15min	AZ8ATP3nL918jjhl3eOa	a484c3a948510af7ad4b2a8370619f4d	OPEN
MAJOR	2026-06-25T19:40:56+0000		202.0	chat02jselvis@gmail.com	java:S112	backend-astramaco	20min		Define and throw a dedicated exception instead of using a generic one.	2026-06-25T11:58:36+0000	CODE_SMELL	false	"cert / cwe / error-handling / "	backend-astramaco:src/main/java/com/example/backendastramaco/service/UsuarioService.java		MAIN	{startLine=202.0, endLine=202.0, startOffset=22.0, endOffset=38.0}	20min	AZ8ATP3nL918jjhl3eOA	af4d0dd4d97ab6f0b0e0bd084fdd9202	OPEN
MINOR	2026-06-25T19:40:56+0000		205.0	chat02jselvis@gmail.com	java:S1874	backend-astramaco	15min		"Remove this use of ""Usuario""; it is deprecated."	2026-06-25T11:58:36+0000	CODE_SMELL	false	"cert / cwe / obsolete / "	backend-astramaco:src/main/java/com/example/backendastramaco/service/UsuarioService.java		MAIN	{startLine=205.0, endLine=205.0, startOffset=8.0, endOffset=15.0}	15min	AZ8ATP3nL918jjhl3eOb	36965d57520a52dc486f4d6ea8e29e6f	OPEN
MINOR	2026-06-25T19:40:56+0000		227.0	chat02jselvis@gmail.com	java:S1874	backend-astramaco	15min		"Remove this use of ""Usuario""; it is deprecated."	2026-06-25T11:58:36+0000	CODE_SMELL	false	"cert / cwe / obsolete / "	backend-astramaco:src/main/java/com/example/backendastramaco/service/UsuarioService.java		MAIN	{startLine=227.0, endLine=227.0, startOffset=8.0, endOffset=15.0}	15min	AZ8ATP3nL918jjhl3eOc	a484c3a948510af7ad4b2a8370619f4d	OPEN
MINOR	2026-06-25T19:40:56+0000		231.0	chat02jselvis@gmail.com	java:S1874	backend-astramaco	15min		"Remove this use of ""Usuario""; it is deprecated."	2026-06-25T11:58:36+0000	CODE_SMELL	false	"cert / cwe / obsolete / "	backend-astramaco:src/main/java/com/example/backendastramaco/service/UsuarioService.java		MAIN	{startLine=231.0, endLine=231.0, startOffset=8.0, endOffset=15.0}	15min	AZ8ATP3nL918jjhl3eOd	36965d57520a52dc486f4d6ea8e29e6f	OPEN
MINOR	2026-06-25T19:40:56+0000		247.0	chat02jselvis@gmail.com	java:S1874	backend-astramaco	15min		"Remove this use of ""Usuario""; it is deprecated."	2026-06-25T11:58:36+0000	CODE_SMELL	false	"cert / cwe / obsolete / "	backend-astramaco:src/main/java/com/example/backendastramaco/service/UsuarioService.java		MAIN	{startLine=247.0, endLine=247.0, startOffset=62.0, endOffset=69.0}	15min	AZ8ATP3nL918jjhl3eOe	7df22d8961688c8df5776c94da2dc66e	OPEN
MINOR	2026-06-25T19:40:56+0000		247.0	chat02jselvis@gmail.com	java:S1874	backend-astramaco	15min		"Remove this use of ""Usuario""; it is deprecated."	2026-06-25T11:58:36+0000	CODE_SMELL	false	"cert / cwe / obsolete / "	backend-astramaco:src/main/java/com/example/backendastramaco/service/UsuarioService.java		MAIN	{startLine=247.0, endLine=247.0, startOffset=79.0, endOffset=86.0}	15min	AZ8ATP3oL918jjhl3eOf	7df22d8961688c8df5776c94da2dc66e	OPEN
MAJOR	2026-06-25T19:40:56+0000		262.0	chat02jselvis@gmail.com	java:S1141	backend-astramaco	20min		Extract this nested try block into a separate method.	2026-06-25T11:58:36+0000	CODE_SMELL	false	"confusing / error-handling / "	backend-astramaco:src/main/java/com/example/backendastramaco/service/UsuarioService.java	"{locations=[{component=backend-astramaco:src/main/java/com/example/backendastramaco/service/UsuarioService.java, textRange={startLine=248.0, endLine=248.0, startOffset=8.0, endOffset=11.0}, msg=Nesting + 1, msgFormattings=[]}]} / "	MAIN	{startLine=262.0, endLine=262.0, startOffset=16.0, endOffset=19.0}	20min	AZ8ATP3nL918jjhl3eOG	80d5b17efc16ace990c07580fc3e85eb	OPEN
CRITICAL	2026-06-25T19:40:56+0000		265.0	chat02jselvis@gmail.com	java:S1192	backend-astramaco	10min		"Define a constant instead of duplicating this literal ""username"" 4 times."	2026-06-25T11:58:36+0000	CODE_SMELL	false	"design / "	backend-astramaco:src/main/java/com/example/backendastramaco/service/UsuarioService.java	"{locations=[{component=backend-astramaco:src/main/java/com/example/backendastramaco/service/UsuarioService.java, textRange={startLine=265.0, endLine=265.0, startOffset=31.0, endOffset=41.0}, msg=Duplication, msgFormattings=[]}]} / {locations=[{component=backend-astramaco:src/main/java/com/example/backendastramaco/service/UsuarioService.java, textRange={startLine=285.0, endLine=285.0, startOffset=31.0, endOffset=41.0}, msg=Duplication, msgFormattings=[]}]} / {locations=[{component=backend-astramaco:src/main/java/com/example/backendastramaco/service/UsuarioService.java, textRange={startLine=324.0, endLine=324.0, startOffset=27.0, endOffset=37.0}, msg=Duplication, msgFormattings=[]}]} / {locations=[{component=backend-astramaco:src/main/java/com/example/backendastramaco/service/UsuarioService.java, textRange={startLine=333.0, endLine=333.0, startOffset=27.0, endOffset=37.0}, msg=Duplication, msgFormattings=[]}]} / "	MAIN	{startLine=265.0, endLine=265.0, startOffset=31.0, endOffset=41.0}	10min	AZ8ATP3nL918jjhl3eOF	850db66d7bc00f31d0e1c5dce1f99f71	OPEN
CRITICAL	2026-06-25T19:40:56+0000		267.0	chat02jselvis@gmail.com	java:S1192	backend-astramaco	10min		"Define a constant instead of duplicating this literal ""activo"" 4 times."	2026-06-25T11:58:36+0000	CODE_SMELL	false	"design / "	backend-astramaco:src/main/java/com/example/backendastramaco/service/UsuarioService.java	"{locations=[{component=backend-astramaco:src/main/java/com/example/backendastramaco/service/UsuarioService.java, textRange={startLine=267.0, endLine=267.0, startOffset=31.0, endOffset=39.0}, msg=Duplication, msgFormattings=[]}]} / {locations=[{component=backend-astramaco:src/main/java/com/example/backendastramaco/service/UsuarioService.java, textRange={startLine=287.0, endLine=287.0, startOffset=31.0, endOffset=39.0}, msg=Duplication, msgFormattings=[]}]} / {locations=[{component=backend-astramaco:src/main/java/com/example/backendastramaco/service/UsuarioService.java, textRange={startLine=326.0, endLine=326.0, startOffset=27.0, endOffset=35.0}, msg=Duplication, msgFormattings=[]}]} / {locations=[{component=backend-astramaco:src/main/java/com/example/backendastramaco/service/UsuarioService.java, textRange={startLine=335.0, endLine=335.0, startOffset=27.0, endOffset=35.0}, msg=Duplication, msgFormattings=[]}]} / "	MAIN	{startLine=267.0, endLine=267.0, startOffset=31.0, endOffset=39.0}	10min	AZ8ATP3nL918jjhl3eOC	837c9aecc6d71a32be0cc27b739244e6	OPEN
CRITICAL	2026-06-25T19:40:56+0000		268.0	chat02jselvis@gmail.com	java:S1192	backend-astramaco	10min		"Define a constant instead of duplicating this literal ""createdAt"" 4 times."	2026-06-25T11:58:36+0000	CODE_SMELL	false	"design / "	backend-astramaco:src/main/java/com/example/backendastramaco/service/UsuarioService.java	"{locations=[{component=backend-astramaco:src/main/java/com/example/backendastramaco/service/UsuarioService.java, textRange={startLine=268.0, endLine=268.0, startOffset=31.0, endOffset=42.0}, msg=Duplication, msgFormattings=[]}]} / {locations=[{component=backend-astramaco:src/main/java/com/example/backendastramaco/service/UsuarioService.java, textRange={startLine=288.0, endLine=288.0, startOffset=31.0, endOffset=42.0}, msg=Duplication, msgFormattings=[]}]} / {locations=[{component=backend-astramaco:src/main/java/com/example/backendastramaco/service/UsuarioService.java, textRange={startLine=327.0, endLine=327.0, startOffset=27.0, endOffset=38.0}, msg=Duplication, msgFormattings=[]}]} / {locations=[{component=backend-astramaco:src/main/java/com/example/backendastramaco/service/UsuarioService.java, textRange={startLine=336.0, endLine=336.0, startOffset=27.0, endOffset=38.0}, msg=Duplication, msgFormattings=[]}]} / "	MAIN	{startLine=268.0, endLine=268.0, startOffset=31.0, endOffset=42.0}	10min	AZ8ATP3nL918jjhl3eOB	cd018803b1e3cb7a7d1765bee307beba	OPEN
MAJOR	2026-06-25T19:40:56+0000		282.0	chat02jselvis@gmail.com	java:S1141	backend-astramaco	20min		Extract this nested try block into a separate method.	2026-06-25T11:58:36+0000	CODE_SMELL	false	"confusing / error-handling / "	backend-astramaco:src/main/java/com/example/backendastramaco/service/UsuarioService.java	"{locations=[{component=backend-astramaco:src/main/java/com/example/backendastramaco/service/UsuarioService.java, textRange={startLine=248.0, endLine=248.0, startOffset=8.0, endOffset=11.0}, msg=Nesting + 1, msgFormattings=[]}]} / "	MAIN	{startLine=282.0, endLine=282.0, startOffset=16.0, endOffset=19.0}	20min	AZ8ATP3nL918jjhl3eOH	80d5b17efc16ace990c07580fc3e85eb	OPEN
MINOR	2026-06-25T19:40:56+0000		304.0	chat02jselvis@gmail.com	java:S1874	backend-astramaco	15min		"Remove this use of ""Usuario""; it is deprecated."	2026-06-25T11:58:36+0000	CODE_SMELL	false	"cert / cwe / obsolete / "	backend-astramaco:src/main/java/com/example/backendastramaco/service/UsuarioService.java		MAIN	{startLine=304.0, endLine=304.0, startOffset=38.0, endOffset=45.0}	15min	AZ8ATP3oL918jjhl3eOg	780b311a858c316da0007798cfc158bc	OPEN
MINOR	2026-06-25T19:40:56+0000		304.0	chat02jselvis@gmail.com	java:S1874	backend-astramaco	15min		"Remove this use of ""Usuario""; it is deprecated."	2026-06-25T11:58:36+0000	CODE_SMELL	false	"cert / cwe / obsolete / "	backend-astramaco:src/main/java/com/example/backendastramaco/service/UsuarioService.java		MAIN	{startLine=304.0, endLine=304.0, startOffset=55.0, endOffset=62.0}	15min	AZ8ATP3oL918jjhl3eOh	780b311a858c316da0007798cfc158bc	OPEN
MAJOR	2026-06-25T19:40:56+0000		321.0	chat02jselvis@gmail.com	java:S1141	backend-astramaco	20min		Extract this nested try block into a separate method.	2026-06-25T11:58:36+0000	CODE_SMELL	false	"confusing / error-handling / "	backend-astramaco:src/main/java/com/example/backendastramaco/service/UsuarioService.java	"{locations=[{component=backend-astramaco:src/main/java/com/example/backendastramaco/service/UsuarioService.java, textRange={startLine=305.0, endLine=305.0, startOffset=8.0, endOffset=11.0}, msg=Nesting + 1, msgFormattings=[]}]} / "	MAIN	{startLine=321.0, endLine=321.0, startOffset=12.0, endOffset=15.0}	20min	AZ8ATP3nL918jjhl3eOI	80d5b17efc16ace990c07580fc3e85eb	OPEN
CRITICAL	2026-06-25T19:40:56+0000		361.0	chat02jselvis@gmail.com	java:S1192	backend-astramaco	8min		"Define a constant instead of duplicating this literal ""unknown"" 3 times."	2026-06-25T11:58:36+0000	CODE_SMELL	false	"design / "	backend-astramaco:src/main/java/com/example/backendastramaco/service/UsuarioService.java	"{locations=[{component=backend-astramaco:src/main/java/com/example/backendastramaco/service/UsuarioService.java, textRange={startLine=361.0, endLine=361.0, startOffset=46.0, endOffset=55.0}, msg=Duplication, msgFormattings=[]}]} / {locations=[{component=backend-astramaco:src/main/java/com/example/backendastramaco/service/UsuarioService.java, textRange={startLine=364.0, endLine=364.0, startOffset=46.0, endOffset=55.0}, msg=Duplication, msgFormattings=[]}]} / {locations=[{component=backend-astramaco:src/main/java/com/example/backendastramaco/service/UsuarioService.java, textRange={startLine=367.0, endLine=367.0, startOffset=46.0, endOffset=55.0}, msg=Duplication, msgFormattings=[]}]} / "	MAIN	{startLine=361.0, endLine=361.0, startOffset=46.0, endOffset=55.0}	8min	AZ8ATP3nL918jjhl3eOE	104000ffbad61eed6f595e196b930ee2	OPEN
MINOR	2026-06-25T19:40:56+0000		8.0	chat02jselvis@gmail.com	java:S1128	backend-astramaco	2min		Remove this unused import 'org.hibernate.annotations.Where'.	2026-06-04T04:41:50+0000	CODE_SMELL	true	"unused / "	backend-astramaco:src/main/java/com/example/backendastramaco/model/Transportista.java		MAIN	{startLine=8.0, endLine=8.0, startOffset=7.0, endOffset=38.0}	2min	AZ8ATP1zL918jjhl3eMr	85dc0fdd04762bb991bb2c2aed204a6a	OPEN
MINOR	2026-06-25T19:40:56+0000		7.0	chat02jselvis@gmail.com	java:S1128	backend-astramaco	2min		Remove this unused import 'org.hibernate.annotations.Where'.	2026-06-04T04:41:50+0000	CODE_SMELL	true	"unused / "	backend-astramaco:src/main/java/com/example/backendastramaco/model/Usuario.java		MAIN	{startLine=7.0, endLine=7.0, startOffset=7.0, endOffset=38.0}	2min	AZ8ATP16L918jjhl3eMv	85dc0fdd04762bb991bb2c2aed204a6a	OPEN
MINOR	2026-06-25T19:40:56+0000		82.0	chat02jselvis@gmail.com	java:S1874	backend-astramaco	15min		"Remove this use of ""Usuario""; it is deprecated."	2026-06-04T04:41:50+0000	CODE_SMELL	false	"cert / cwe / obsolete / "	backend-astramaco:src/main/java/com/example/backendastramaco/service/audit/AuditService.java		MAIN	{startLine=82.0, endLine=82.0, startOffset=31.0, endOffset=38.0}	15min	AZ8ATP38L918jjhl3eO7	70296bd95ad576d5b81f284a75d46e0f	OPEN
MINOR	2026-06-25T19:40:56+0000		86.0	chat02jselvis@gmail.com	java:S1874	backend-astramaco	15min		"Remove this use of ""Usuario""; it is deprecated."	2026-06-04T04:41:50+0000	CODE_SMELL	false	"cert / cwe / obsolete / "	backend-astramaco:src/main/java/com/example/backendastramaco/service/audit/AuditService.java		MAIN	{startLine=86.0, endLine=86.0, startOffset=35.0, endOffset=42.0}	15min	AZ8ATP38L918jjhl3eO8	ef0ae4b6656d2b2cde7673f410897157	OPEN
MINOR	2026-06-25T19:40:56+0000		93.0	chat02jselvis@gmail.com	java:S1874	backend-astramaco	15min		"Remove this use of ""Usuario""; it is deprecated."	2026-06-04T04:41:50+0000	CODE_SMELL	false	"cert / cwe / obsolete / "	backend-astramaco:src/main/java/com/example/backendastramaco/service/audit/AuditService.java		MAIN	{startLine=93.0, endLine=93.0, startOffset=31.0, endOffset=38.0}	15min	AZ8ATP38L918jjhl3eO9	7cfa534c3a571a2cc8733bb1f5ec4c61	OPEN
CRITICAL	2026-06-25T19:40:56+0000		43.0	chat02jselvis@gmail.com	java:S1452	backend-astramaco	20min		Remove usage of generic wildcard type.	2026-05-31T03:09:23+0000	CODE_SMELL	false	"pitfall / "	backend-astramaco:src/main/java/com/example/backendastramaco/controller/AuthController.java		MAIN	{startLine=43.0, endLine=43.0, startOffset=26.0, endOffset=27.0}	20min	AZ8ATP0NL918jjhl3eMA	7f43ad394caf92b2926bd3f3f8bcaf73	OPEN
CRITICAL	2026-06-25T19:40:56+0000		73.0	chat02jselvis@gmail.com	java:S1192	backend-astramaco	14min		"Define a constant instead of duplicating this literal ""error"" 6 times."	2026-05-31T03:09:23+0000	CODE_SMELL	false	"design / "	backend-astramaco:src/main/java/com/example/backendastramaco/controller/AuthController.java	"{locations=[{component=backend-astramaco:src/main/java/com/example/backendastramaco/controller/AuthController.java, textRange={startLine=73.0, endLine=73.0, startOffset=37.0, endOffset=44.0}, msg=Duplication, msgFormattings=[]}]} / {locations=[{component=backend-astramaco:src/main/java/com/example/backendastramaco/controller/AuthController.java, textRange={startLine=79.0, endLine=79.0, startOffset=33.0, endOffset=40.0}, msg=Duplication, msgFormattings=[]}]} / {locations=[{component=backend-astramaco:src/main/java/com/example/backendastramaco/controller/AuthController.java, textRange={startLine=84.0, endLine=84.0, startOffset=33.0, endOffset=40.0}, msg=Duplication, msgFormattings=[]}]} / {locations=[{component=backend-astramaco:src/main/java/com/example/backendastramaco/controller/AuthController.java, textRange={startLine=89.0, endLine=89.0, startOffset=33.0, endOffset=40.0}, msg=Duplication, msgFormattings=[]}]} / {locations=[{component=backend-astramaco:src/main/java/com/example/backendastramaco/controller/AuthController.java, textRange={startLine=94.0, endLine=94.0, startOffset=33.0, endOffset=40.0}, msg=Duplication, msgFormattings=[]}]} / {locations=[{component=backend-astramaco:src/main/java/com/example/backendastramaco/controller/AuthController.java, textRange={startLine=99.0, endLine=99.0, startOffset=33.0, endOffset=40.0}, msg=Duplication, msgFormattings=[]}]} / "	MAIN	{startLine=73.0, endLine=73.0, startOffset=37.0, endOffset=44.0}	14min	AZ8ATP0NL918jjhl3eL-	cc53cbf71120aeca0d619bc698c36d53	OPEN
CRITICAL	2026-06-25T19:40:56+0000		73.0	chat02jselvis@gmail.com	java:S1192	backend-astramaco	8min		"Define a constant instead of duplicating this literal ""Credenciales inválidas"" 3 times."	2026-05-31T03:09:23+0000	CODE_SMELL	false	"design / "	backend-astramaco:src/main/java/com/example/backendastramaco/controller/AuthController.java	"{locations=[{component=backend-astramaco:src/main/java/com/example/backendastramaco/controller/AuthController.java, textRange={startLine=73.0, endLine=73.0, startOffset=46.0, endOffset=70.0}, msg=Duplication, msgFormattings=[]}]} / {locations=[{component=backend-astramaco:src/main/java/com/example/backendastramaco/controller/AuthController.java, textRange={startLine=79.0, endLine=79.0, startOffset=42.0, endOffset=66.0}, msg=Duplication, msgFormattings=[]}]} / {locations=[{component=backend-astramaco:src/main/java/com/example/backendastramaco/controller/AuthController.java, textRange={startLine=94.0, endLine=94.0, startOffset=42.0, endOffset=66.0}, msg=Duplication, msgFormattings=[]}]} / "	MAIN	{startLine=73.0, endLine=73.0, startOffset=46.0, endOffset=70.0}	8min	AZ8ATP0NL918jjhl3eL_	cc53cbf71120aeca0d619bc698c36d53	OPEN
MINOR	2026-06-25T19:40:56+0000		120.0	chat02jselvis@gmail.com	java:S1874	backend-astramaco	15min		"Remove this use of ""Transportista""; it is deprecated."	2026-05-30T18:51:56+0000	CODE_SMELL	false	"cert / cwe / obsolete / "	backend-astramaco:src/main/java/com/example/backendastramaco/service/audit/AuditService.java		MAIN	{startLine=120.0, endLine=120.0, startOffset=66.0, endOffset=79.0}	15min	AZ8ATP38L918jjhl3eO-	a96954713b6d3631823b90c846fc0284	OPEN
MINOR	2026-06-25T19:40:56+0000		135.0	chat02jselvis@gmail.com	java:S1874	backend-astramaco	15min		"Remove this use of ""Transportista""; it is deprecated."	2026-05-30T18:51:56+0000	CODE_SMELL	false	"cert / cwe / obsolete / "	backend-astramaco:src/main/java/com/example/backendastramaco/service/audit/AuditService.java		MAIN	{startLine=135.0, endLine=135.0, startOffset=66.0, endOffset=79.0}	15min	AZ8ATP38L918jjhl3eO_	8ebbd3c5a70fe5f91282b29fa6092835	OPEN
INFO	2026-06-25T19:40:56+0000		16.0	chat02jselvis@gmail.com	java:S1133	backend-astramaco	10min		Do not forget to remove this deprecated code someday.	2026-05-23T17:30:12+0000	CODE_SMELL	false	"obsolete / "	backend-astramaco:src/main/java/com/example/backendastramaco/model/Transportista.java		MAIN	{startLine=16.0, endLine=16.0, startOffset=13.0, endOffset=26.0}	10min	AZ8ATP1zL918jjhl3eMp	6f92fd9fceb8995b36551fa501c28a39	OPEN
MAJOR	2026-06-25T19:40:56+0000		16.0	chat02jselvis@gmail.com	java:S1123	backend-astramaco	5min		Add the missing @deprecated Javadoc tag.	2026-05-23T17:30:12+0000	CODE_SMELL	false	"bad-practice / obsolete / "	backend-astramaco:src/main/java/com/example/backendastramaco/model/Transportista.java		MAIN	{startLine=16.0, endLine=16.0, startOffset=13.0, endOffset=26.0}	5min	AZ8ATP1zL918jjhl3eMq	6f92fd9fceb8995b36551fa501c28a39	OPEN
INFO	2026-06-25T19:40:56+0000		17.0	chat02jselvis@gmail.com	java:S1133	backend-astramaco	10min		Do not forget to remove this deprecated code someday.	2026-05-23T17:30:12+0000	CODE_SMELL	false	"obsolete / "	backend-astramaco:src/main/java/com/example/backendastramaco/model/Usuario.java		MAIN	{startLine=17.0, endLine=17.0, startOffset=13.0, endOffset=20.0}	10min	AZ8ATP16L918jjhl3eMt	5018ae7ac4aa8e080c219fd02c5828c5	OPEN
MAJOR	2026-06-25T19:40:56+0000		17.0	chat02jselvis@gmail.com	java:S1123	backend-astramaco	5min		Add the missing @deprecated Javadoc tag.	2026-05-23T17:30:12+0000	CODE_SMELL	false	"bad-practice / obsolete / "	backend-astramaco:src/main/java/com/example/backendastramaco/model/Usuario.java		MAIN	{startLine=17.0, endLine=17.0, startOffset=13.0, endOffset=20.0}	5min	AZ8ATP16L918jjhl3eMu	5018ae7ac4aa8e080c219fd02c5828c5	OPEN
MINOR	2026-06-25T19:40:56+0000		86.0	chat02jselvis@gmail.com	java:S1874	backend-astramaco	15min		"Remove this use of ""Transportista""; it is deprecated."	2026-05-23T17:30:12+0000	CODE_SMELL	false	"cert / cwe / obsolete / "	backend-astramaco:src/main/java/com/example/backendastramaco/service/TransportistaService.java		MAIN	{startLine=86.0, endLine=86.0, startOffset=8.0, endOffset=21.0}	15min	AZ8ATP3RL918jjhl3eNi	0849dc5cdfb829875f9485d2eb95011d	OPEN
MINOR	2026-06-25T19:40:56+0000		164.0	chat02jselvis@gmail.com	java:S1874	backend-astramaco	15min		"Remove this use of ""Transportista""; it is deprecated."	2026-05-23T17:30:12+0000	CODE_SMELL	false	"cert / cwe / obsolete / "	backend-astramaco:src/main/java/com/example/backendastramaco/service/TransportistaService.java		MAIN	{startLine=164.0, endLine=164.0, startOffset=11.0, endOffset=24.0}	15min	AZ8ATP3SL918jjhl3eNr	2b9b82c676a3378cb032f47f4e4ab683	OPEN
MINOR	2026-06-25T19:40:56+0000		167.0	chat02jselvis@gmail.com	java:S1874	backend-astramaco	15min		"Remove this use of ""Transportista""; it is deprecated."	2026-05-23T17:30:12+0000	CODE_SMELL	false	"cert / cwe / obsolete / "	backend-astramaco:src/main/java/com/example/backendastramaco/service/TransportistaService.java		MAIN	{startLine=167.0, endLine=167.0, startOffset=8.0, endOffset=21.0}	15min	AZ8ATP3SL918jjhl3eNs	6a3a4929ce5b489dfc54e08b7e1833ee	OPEN
MINOR	2026-06-25T19:40:56+0000		183.0	chat02jselvis@gmail.com	java:S1874	backend-astramaco	15min		"Remove this use of ""Transportista""; it is deprecated."	2026-05-23T17:30:12+0000	CODE_SMELL	false	"cert / cwe / obsolete / "	backend-astramaco:src/main/java/com/example/backendastramaco/service/TransportistaService.java		MAIN	{startLine=183.0, endLine=183.0, startOffset=8.0, endOffset=21.0}	15min	AZ8ATP3SL918jjhl3eNt	c10dd4cf777b7ea42026c9f79d5a0497	OPEN
MINOR	2026-06-25T19:40:56+0000		201.0	chat02jselvis@gmail.com	java:S1874	backend-astramaco	15min		"Remove this use of ""Transportista""; it is deprecated."	2026-05-23T17:30:12+0000	CODE_SMELL	false	"cert / cwe / obsolete / "	backend-astramaco:src/main/java/com/example/backendastramaco/service/TransportistaService.java		MAIN	{startLine=201.0, endLine=201.0, startOffset=8.0, endOffset=21.0}	15min	AZ8ATP3SL918jjhl3eNu	51a90d91f36169dbf1209f98729700d0	OPEN
MINOR	2026-06-25T19:40:56+0000		236.0	chat02jselvis@gmail.com	java:S1874	backend-astramaco	15min		"Remove this use of ""Transportista""; it is deprecated."	2026-05-23T17:30:12+0000	CODE_SMELL	false	"cert / cwe / obsolete / "	backend-astramaco:src/main/java/com/example/backendastramaco/service/TransportistaService.java		MAIN	{startLine=236.0, endLine=236.0, startOffset=8.0, endOffset=21.0}	15min	AZ8ATP3SL918jjhl3eNx	6a3a4929ce5b489dfc54e08b7e1833ee	OPEN
MINOR	2026-06-25T19:40:56+0000		244.0	chat02jselvis@gmail.com	java:S1874	backend-astramaco	15min		"Remove this use of ""Transportista""; it is deprecated."	2026-05-23T17:30:12+0000	CODE_SMELL	false	"cert / cwe / obsolete / "	backend-astramaco:src/main/java/com/example/backendastramaco/service/TransportistaService.java		MAIN	{startLine=244.0, endLine=244.0, startOffset=8.0, endOffset=21.0}	15min	AZ8ATP3SL918jjhl3eNy	c10dd4cf777b7ea42026c9f79d5a0497	OPEN
MINOR	2026-06-25T19:40:56+0000		51.0	chat02jselvis@gmail.com	java:S1874	backend-astramaco	15min		"Remove this use of ""Usuario""; it is deprecated."	2026-05-23T17:30:12+0000	CODE_SMELL	false	"cert / cwe / obsolete / "	backend-astramaco:src/main/java/com/example/backendastramaco/service/UsuarioService.java		MAIN	{startLine=51.0, endLine=51.0, startOffset=8.0, endOffset=15.0}	15min	AZ8ATP3nL918jjhl3eOM	96d56a88f12d72f930f4298356dcbf87	OPEN
MINOR	2026-06-25T19:40:56+0000		110.0	chat02jselvis@gmail.com	java:S1874	backend-astramaco	15min		"Remove this use of ""Usuario""; it is deprecated."	2026-05-23T17:30:12+0000	CODE_SMELL	false	"cert / cwe / obsolete / "	backend-astramaco:src/main/java/com/example/backendastramaco/service/UsuarioService.java		MAIN	{startLine=110.0, endLine=110.0, startOffset=8.0, endOffset=15.0}	15min	AZ8ATP3nL918jjhl3eOT	c47e96b8bd07e28c90551f67b87ef517	OPEN
MINOR	2026-06-25T19:40:56+0000		120.0	chat02jselvis@gmail.com	java:S1874	backend-astramaco	15min		"Remove this use of ""Usuario""; it is deprecated."	2026-05-23T17:30:12+0000	CODE_SMELL	false	"cert / cwe / obsolete / "	backend-astramaco:src/main/java/com/example/backendastramaco/service/UsuarioService.java		MAIN	{startLine=120.0, endLine=120.0, startOffset=8.0, endOffset=15.0}	15min	AZ8ATP3nL918jjhl3eOU	02ee206fb4e11d79a98b887eb6e51b63	OPEN
MINOR	2026-06-25T19:40:56+0000		131.0	chat02jselvis@gmail.com	java:S1874	backend-astramaco	15min		"Remove this use of ""Usuario""; it is deprecated."	2026-05-23T17:30:12+0000	CODE_SMELL	false	"cert / cwe / obsolete / "	backend-astramaco:src/main/java/com/example/backendastramaco/service/UsuarioService.java		MAIN	{startLine=131.0, endLine=131.0, startOffset=8.0, endOffset=15.0}	15min	AZ8ATP3nL918jjhl3eOV	738b57a4875e2668e2b8df219fee22ae	OPEN
MINOR	2026-06-25T19:40:56+0000		166.0	chat02jselvis@gmail.com	java:S1874	backend-astramaco	15min		"Remove this use of ""Usuario""; it is deprecated."	2026-05-23T17:30:12+0000	CODE_SMELL	false	"cert / cwe / obsolete / "	backend-astramaco:src/main/java/com/example/backendastramaco/service/UsuarioService.java		MAIN	{startLine=166.0, endLine=166.0, startOffset=8.0, endOffset=15.0}	15min	AZ8ATP3nL918jjhl3eOY	c47e96b8bd07e28c90551f67b87ef517	OPEN
MINOR	2026-06-25T19:40:56+0000		174.0	chat02jselvis@gmail.com	java:S1874	backend-astramaco	15min		"Remove this use of ""Usuario""; it is deprecated."	2026-05-23T17:30:12+0000	CODE_SMELL	false	"cert / cwe / obsolete / "	backend-astramaco:src/main/java/com/example/backendastramaco/service/UsuarioService.java		MAIN	{startLine=174.0, endLine=174.0, startOffset=8.0, endOffset=15.0}	15min	AZ8ATP3nL918jjhl3eOZ	02ee206fb4e11d79a98b887eb6e51b63	OPEN
MINOR	2026-06-25T19:40:56+0000		376.0	chat02jselvis@gmail.com	java:S1874	backend-astramaco	15min		"Remove this use of ""Usuario""; it is deprecated."	2026-05-23T17:30:12+0000	CODE_SMELL	false	"cert / cwe / obsolete / "	backend-astramaco:src/main/java/com/example/backendastramaco/service/UsuarioService.java		MAIN	{startLine=376.0, endLine=376.0, startOffset=12.0, endOffset=19.0}	15min	AZ8ATP3oL918jjhl3eOi	93d3fff8cfe1c31db114ba34d7dce2aa	OPEN
MINOR	2026-06-25T19:40:56+0000		376.0	chat02jselvis@gmail.com	java:S1874	backend-astramaco	15min		"Remove this use of ""Usuario""; it is deprecated."	2026-05-23T17:30:12+0000	CODE_SMELL	false	"cert / cwe / obsolete / "	backend-astramaco:src/main/java/com/example/backendastramaco/service/UsuarioService.java		MAIN	{startLine=376.0, endLine=376.0, startOffset=34.0, endOffset=41.0}	15min	AZ8ATP3oL918jjhl3eOj	93d3fff8cfe1c31db114ba34d7dce2aa	OPEN
MINOR	2026-06-25T19:40:56+0000		377.0	chat02jselvis@gmail.com	java:S1874	backend-astramaco	15min		"Remove this use of ""Usuario""; it is deprecated."	2026-05-23T17:30:12+0000	CODE_SMELL	false	"cert / cwe / obsolete / "	backend-astramaco:src/main/java/com/example/backendastramaco/service/UsuarioService.java		MAIN	{startLine=377.0, endLine=377.0, startOffset=8.0, endOffset=15.0}	15min	AZ8ATP3oL918jjhl3eOk	b0109795b048506e4e40d7c87c483835	OPEN
MINOR	2026-06-25T19:40:56+0000		377.0	chat02jselvis@gmail.com	java:S1874	backend-astramaco	15min		"Remove this use of ""Usuario""; it is deprecated."	2026-05-23T17:30:12+0000	CODE_SMELL	false	"cert / cwe / obsolete / "	backend-astramaco:src/main/java/com/example/backendastramaco/service/UsuarioService.java		MAIN	{startLine=377.0, endLine=377.0, startOffset=28.0, endOffset=35.0}	15min	AZ8ATP3oL918jjhl3eOl	b0109795b048506e4e40d7c87c483835	OPEN
MINOR	2026-06-25T19:40:56+0000		35.0	chat02jselvis@gmail.com	java:S1874	backend-astramaco	15min		"Remove this use of ""Usuario""; it is deprecated."	2026-04-13T05:45:27+0000	CODE_SMELL	false	"cert / cwe / obsolete / "	backend-astramaco:src/main/java/com/example/backendastramaco/config/DataInitializer.java		MAIN	{startLine=35.0, endLine=35.0, startOffset=28.0, endOffset=35.0}	15min	AZ8ATP2vL918jjhl3eM0	472fdde16a28c5f0019e14578091e333	OPEN
MINOR	2026-06-25T19:40:56+0000		35.0	chat02jselvis@gmail.com	java:S1874	backend-astramaco	15min		"Remove this use of ""Usuario""; it is deprecated."	2026-04-13T05:45:27+0000	CODE_SMELL	false	"cert / cwe / obsolete / "	backend-astramaco:src/main/java/com/example/backendastramaco/config/DataInitializer.java		MAIN	{startLine=35.0, endLine=35.0, startOffset=12.0, endOffset=19.0}	15min	AZ8ATP2vL918jjhl3eMz	472fdde16a28c5f0019e14578091e333	OPEN
MINOR	2026-06-25T19:40:56+0000		59.0	chat02jselvis@gmail.com	java:S1874	backend-astramaco	15min		"Remove this use of ""Usuario""; it is deprecated."	2026-04-13T05:45:27+0000	CODE_SMELL	false	"cert / cwe / obsolete / "	backend-astramaco:src/main/java/com/example/backendastramaco/controller/AuthController.java		MAIN	{startLine=59.0, endLine=59.0, startOffset=16.0, endOffset=23.0}	15min	AZ8ATP0NL918jjhl3eMB	ebc2caef4db17320cb490871bebf1bcc	OPEN
MINOR	2026-06-25T19:40:56+0000		100.0	chat02jselvis@gmail.com	java:S1874	backend-astramaco	15min		"Remove this use of ""Usuario""; it is deprecated."	2026-04-13T05:45:27+0000	CODE_SMELL	false	"cert / cwe / obsolete / "	backend-astramaco:src/main/java/com/example/backendastramaco/controller/PedidoController.java		MAIN	{startLine=100.0, endLine=100.0, startOffset=8.0, endOffset=15.0}	15min	AZ8ATPxLL918jjhl3eL8	b98656e383c12a7a0ab6b2c1b079f599	OPEN
MINOR	2026-06-25T19:40:56+0000		102.0	chat02jselvis@gmail.com	java:S1874	backend-astramaco	15min		"Remove this use of ""Transportista""; it is deprecated."	2026-04-13T05:45:27+0000	CODE_SMELL	false	"cert / cwe / obsolete / "	backend-astramaco:src/main/java/com/example/backendastramaco/controller/PedidoController.java		MAIN	{startLine=102.0, endLine=102.0, startOffset=8.0, endOffset=21.0}	15min	AZ8ATPxLL918jjhl3eL9	b385d753904bdd302fc9fe1a277f003f	OPEN
MINOR	2026-06-25T19:40:56+0000		134.0	chat02jselvis@gmail.com	java:S1874	backend-astramaco	15min		"Remove this use of ""Usuario""; it is deprecated."	2026-04-13T05:45:27+0000	CODE_SMELL	false	"cert / cwe / obsolete / "	backend-astramaco:src/main/java/com/example/backendastramaco/controller/TransportistaController.java		MAIN	{startLine=134.0, endLine=134.0, startOffset=8.0, endOffset=15.0}	15min	AZ8ATP05L918jjhl3eMi	b98656e383c12a7a0ab6b2c1b079f599	OPEN
MINOR	2026-06-25T19:40:56+0000		26.0	chat02jselvis@gmail.com	java:S1874	backend-astramaco	15min		"Remove this use of ""Transportista""; it is deprecated."	2026-04-13T05:45:27+0000	CODE_SMELL	false	"cert / cwe / obsolete / "	backend-astramaco:src/main/java/com/example/backendastramaco/model/Carga.java		MAIN	{startLine=26.0, endLine=26.0, startOffset=12.0, endOffset=25.0}	15min	AZ8ATP2EL918jjhl3eMw	134c6db9fce5e6e7332a7e98721d038e	OPEN
MINOR	2026-06-25T19:40:56+0000		41.0	chat02jselvis@gmail.com	java:S1874	backend-astramaco	15min		"Remove this use of ""Transportista""; it is deprecated."	2026-04-13T05:45:27+0000	CODE_SMELL	false	"cert / cwe / obsolete / "	backend-astramaco:src/main/java/com/example/backendastramaco/model/DocumentoPersonal.java		MAIN	{startLine=41.0, endLine=41.0, startOffset=12.0, endOffset=25.0}	15min	AZ8ATP1UL918jjhl3eMm	134c6db9fce5e6e7332a7e98721d038e	OPEN
MINOR	2026-06-25T19:40:56+0000		44.0	chat02jselvis@gmail.com	java:S1874	backend-astramaco	15min		"Remove this use of ""Transportista""; it is deprecated."	2026-04-13T05:45:27+0000	CODE_SMELL	false	"cert / cwe / obsolete / "	backend-astramaco:src/main/java/com/example/backendastramaco/model/Pedido.java		MAIN	{startLine=44.0, endLine=44.0, startOffset=12.0, endOffset=25.0}	15min	AZ8ATP1qL918jjhl3eMn	134c6db9fce5e6e7332a7e98721d038e	OPEN
MINOR	2026-06-25T19:40:56+0000		16.0	chat02jselvis@gmail.com	java:S1874	backend-astramaco	15min		"Remove this use of ""Transportista""; it is deprecated."	2026-04-13T05:45:27+0000	CODE_SMELL	false	"cert / cwe / obsolete / "	backend-astramaco:src/main/java/com/example/backendastramaco/repository/TransportistaRepository.java		MAIN	{startLine=16.0, endLine=16.0, startOffset=63.0, endOffset=76.0}	15min	AZ8ATP4WL918jjhl3ePS	921284d0853a182de3bf96b166e515f2	OPEN
MINOR	2026-06-25T19:40:56+0000		20.0	chat02jselvis@gmail.com	java:S1874	backend-astramaco	15min		"Remove this use of ""Transportista""; it is deprecated."	2026-04-13T05:45:27+0000	CODE_SMELL	false	"cert / cwe / obsolete / "	backend-astramaco:src/main/java/com/example/backendastramaco/repository/TransportistaRepository.java		MAIN	{startLine=20.0, endLine=20.0, startOffset=13.0, endOffset=26.0}	15min	AZ8ATP4WL918jjhl3ePU	7f11240dbe4c6950d8167d0b3f6828e8	OPEN
MINOR	2026-06-25T19:40:56+0000		20.0	chat02jselvis@gmail.com	java:S1874	backend-astramaco	15min		"Remove this use of ""Usuario""; it is deprecated."	2026-04-13T05:45:27+0000	CODE_SMELL	false	"cert / cwe / obsolete / "	backend-astramaco:src/main/java/com/example/backendastramaco/repository/TransportistaRepository.java		MAIN	{startLine=20.0, endLine=20.0, startOffset=42.0, endOffset=49.0}	15min	AZ8ATP4WL918jjhl3ePV	7f11240dbe4c6950d8167d0b3f6828e8	OPEN
MINOR	2026-06-25T19:40:56+0000		12.0	chat02jselvis@gmail.com	java:S1874	backend-astramaco	15min		"Remove this use of ""Usuario""; it is deprecated."	2026-04-13T05:45:27+0000	CODE_SMELL	false	"cert / cwe / obsolete / "	backend-astramaco:src/main/java/com/example/backendastramaco/repository/UsuarioRepository.java		MAIN	{startLine=12.0, endLine=12.0, startOffset=57.0, endOffset=64.0}	15min	AZ8ATP4cL918jjhl3ePh	b877c63cbe94fe708cc3c3993895c8d4	OPEN
MINOR	2026-06-25T19:40:56+0000		14.0	chat02jselvis@gmail.com	java:S1874	backend-astramaco	15min		"Remove this use of ""Usuario""; it is deprecated."	2026-04-13T05:45:27+0000	CODE_SMELL	false	"cert / cwe / obsolete / "	backend-astramaco:src/main/java/com/example/backendastramaco/repository/UsuarioRepository.java		MAIN	{startLine=14.0, endLine=14.0, startOffset=13.0, endOffset=20.0}	15min	AZ8ATP4cL918jjhl3ePi	4c7bee6b748e25d9ad5f7f257440c7da	OPEN
MINOR	2026-06-25T19:40:56+0000		18.0	chat02jselvis@gmail.com	java:S1874	backend-astramaco	15min		"Remove this use of ""Usuario""; it is deprecated."	2026-04-13T05:45:27+0000	CODE_SMELL	false	"cert / cwe / obsolete / "	backend-astramaco:src/main/java/com/example/backendastramaco/security/service/CustomUserDetailsService.java		MAIN	{startLine=18.0, endLine=18.0, startOffset=8.0, endOffset=15.0}	15min	AZ8ATP2dL918jjhl3eMy	fa6c14a7f40d9df3a292d1059fb183f4	OPEN
MINOR	2026-06-25T19:40:56+0000		46.0	chat02jselvis@gmail.com	java:S1874	backend-astramaco	15min		"Remove this use of ""Transportista""; it is deprecated."	2026-04-13T05:45:27+0000	CODE_SMELL	false	"cert / cwe / obsolete / "	backend-astramaco:src/main/java/com/example/backendastramaco/service/CargaService.java		MAIN	{startLine=46.0, endLine=46.0, startOffset=8.0, endOffset=21.0}	15min	AZ8ATP3zL918jjhl3eOw	6d3c01a3ffc6c6eba2093a32e36bd4e4	OPEN
MINOR	2026-06-25T19:40:56+0000		271.0	chat02jselvis@gmail.com	java:S1874	backend-astramaco	15min		"Remove this use of ""Transportista""; it is deprecated."	2026-04-13T05:45:27+0000	CODE_SMELL	false	"cert / cwe / obsolete / "	backend-astramaco:src/main/java/com/example/backendastramaco/service/CargaService.java		MAIN	{startLine=271.0, endLine=271.0, startOffset=12.0, endOffset=25.0}	15min	AZ8ATP3zL918jjhl3eO3	4651c33345a709dc7161d2ec115d4d14	OPEN
MINOR	2026-06-25T19:40:56+0000		272.0	chat02jselvis@gmail.com	java:S1874	backend-astramaco	15min		"Remove this use of ""Transportista""; it is deprecated."	2026-04-13T05:45:27+0000	CODE_SMELL	false	"cert / cwe / obsolete / "	backend-astramaco:src/main/java/com/example/backendastramaco/service/CargaService.java		MAIN	{startLine=272.0, endLine=272.0, startOffset=8.0, endOffset=21.0}	15min	AZ8ATP3zL918jjhl3eO4	6f9a12aa2ede4280ac891d06617adc4f	OPEN
MINOR	2026-06-25T19:40:56+0000		418.0	chat02jselvis@gmail.com	java:S1874	backend-astramaco	15min		"Remove this use of ""Transportista""; it is deprecated."	2026-04-13T05:45:27+0000	CODE_SMELL	false	"cert / cwe / obsolete / "	backend-astramaco:src/main/java/com/example/backendastramaco/service/CargaService.java		MAIN	{startLine=418.0, endLine=418.0, startOffset=8.0, endOffset=21.0}	15min	AZ8ATP30L918jjhl3eO6	622e2dabff754234701979240d868361	OPEN
MINOR	2026-06-25T19:40:56+0000		51.0	chat02jselvis@gmail.com	java:S1874	backend-astramaco	15min		"Remove this use of ""Transportista""; it is deprecated."	2026-04-13T05:45:27+0000	CODE_SMELL	false	"cert / cwe / obsolete / "	backend-astramaco:src/main/java/com/example/backendastramaco/service/PedidoService.java		MAIN	{startLine=51.0, endLine=51.0, startOffset=8.0, endOffset=21.0}	15min	AZ8ATP2_L918jjhl3eNG	bb266ace89ebd985ca4f334041ea05d2	OPEN
MINOR	2026-06-25T19:40:56+0000		522.0	chat02jselvis@gmail.com	java:S1874	backend-astramaco	15min		"Remove this use of ""Transportista""; it is deprecated."	2026-04-13T05:45:27+0000	CODE_SMELL	false	"cert / cwe / obsolete / "	backend-astramaco:src/main/java/com/example/backendastramaco/service/PedidoService.java		MAIN	{startLine=522.0, endLine=522.0, startOffset=8.0, endOffset=21.0}	15min	AZ8ATP2_L918jjhl3eNM	c1cc476ac5abff68235b67f55a1320e5	OPEN
MINOR	2026-06-25T19:40:56+0000		543.0	chat02jselvis@gmail.com	java:S1874	backend-astramaco	15min		"Remove this use of ""Transportista""; it is deprecated."	2026-04-13T05:45:27+0000	CODE_SMELL	false	"cert / cwe / obsolete / "	backend-astramaco:src/main/java/com/example/backendastramaco/service/PedidoService.java		MAIN	{startLine=543.0, endLine=543.0, startOffset=54.0, endOffset=67.0}	15min	AZ8ATP2_L918jjhl3eNN	6d02c0be40b937adb45d288dccc4f06e	OPEN
MINOR	2026-06-25T19:40:56+0000		45.0	chat02jselvis@gmail.com	java:S1874	backend-astramaco	15min		"Remove this use of ""Transportista""; it is deprecated."	2026-04-13T05:45:27+0000	CODE_SMELL	false	"cert / cwe / obsolete / "	backend-astramaco:src/main/java/com/example/backendastramaco/service/TransportistaService.java		MAIN	{startLine=45.0, endLine=45.0, startOffset=11.0, endOffset=24.0}	15min	AZ8ATP3RL918jjhl3eNd	5a06ca322e623d3b4fa85be95cd07a3f	OPEN
